CSV_PEATONAL;E0;20260923;18416;0;18209;18416;10.747529;27.600000;0.079387;21.931133;224;66.680786;0.260503;0.046589;4360;15.507041;35.100000
CSV_PEATONAL;E1;20260923;18416;0;18208;18416;7.362674;18.300000;0.018625;15.013167;165;65.480786;0.236848;0.051124;4360;10.346353;24.300000
CSV_PEATONAL;E0;20260924;18401;0;18189;18401;10.837579;28.200000;0.083419;22.082267;224;62.780786;0.260814;0.047795;4337;16.314411;36.300000
CSV_PEATONAL;E1;20260924;18401;0;18196;18401;7.410950;18.600000;0.020597;15.095600;169;63.080786;0.237166;0.051084;4337;10.748190;24.900000
CSV_PEATONAL;E0;20260925;18331;0;18125;18331;10.970564;28.500000;0.088975;22.286233;233;65.780786;0.260120;0.047714;4368;17.124107;38.400000
CSV_PEATONAL;E1;20260925;18331;0;18127;18331;7.495450;18.900000;0.025040;15.209533;172;66.380786;0.236486;0.050219;4368;11.596016;27.300000
CSV_PEATONAL;E0;20260926;18384;0;18176;18384;10.765339;27.900000;0.084530;21.930033;227;66.080786;0.260740;0.047776;4389;16.606083;37.500000
CSV_PEATONAL;E1;20260926;18384;0;18178;18384;7.414426;18.600000;0.020616;15.091533;172;65.180786;0.237076;0.051031;4389;11.136842;26.400000
CSV_PEATONAL;E0;20260927;18542;0;18328;18542;11.131825;29.400000;0.095081;22.876000;225;68.780786;0.262499;0.048244;4393;16.274710;38.400000
CSV_PEATONAL;E1;20260927;18542;0;18333;18542;7.597287;19.200000;0.024054;15.603833;167;63.680786;0.238706;0.052092;4393;10.883451;26.700000
CSV_PEATONAL;E0;20260928;18358;0;18142;18358;11.022148;28.500000;0.088190;22.408033;241;66.080786;0.259584;0.046461;4392;16.947131;38.100000
CSV_PEATONAL;E1;20260928;18358;0;18146;18358;7.628625;19.200000;0.024131;15.499733;176;64.280786;0.236030;0.050473;4392;11.271380;27.300000
CSV_PEATONAL;E0;20260929;18432;0;18221;18432;10.934017;28.500000;0.087023;22.330167;222;66.080786;0.260861;0.047795;4358;15.746902;35.400000
CSV_PEATONAL;E1;20260929;18432;0;18218;18432;7.508057;18.900000;0.021430;15.323200;169;66.680786;0.237167;0.051228;4358;10.728545;25.500000
CSV_PEATONAL;E0;20260930;18404;0;18202;18404;11.156189;29.100000;0.092752;22.761033;234;64.880786;0.260369;0.047142;4399;16.610275;38.400000
CSV_PEATONAL;E1;20260930;18404;0;18202;18404;7.656879;19.200000;0.028526;15.603700;173;67.280786;0.236733;0.051049;4399;10.900386;26.700000
CSV_PEATONAL;E0;20260931;18491;0;18291;18491;11.066303;28.800000;0.088367;22.683767;238;62.480786;0.261691;0.047451;4384;16.881775;37.800000
CSV_PEATONAL;E1;20260931;18491;0;18290;18491;7.553231;18.900000;0.022660;15.466933;181;63.080786;0.237926;0.050904;4384;11.427988;27.300000
CSV_PEATONAL;E0;20260932;18358;0;18152;18358;10.674071;27.600000;0.079475;21.721333;220;65.480786;0.259739;0.046767;4353;16.039904;36.300000
CSV_PEATONAL;E1;20260932;18358;0;18156;18358;7.270939;18.300000;0.018629;14.784733;166;66.080786;0.236152;0.050296;4353;10.676775;25.200000
CSV_PEATONAL;E0;20260933;18329;0;18121;18329;10.601282;27.600000;0.078782;21.536600;229;64.280786;0.259551;0.046609;4370;15.994805;36.000000
CSV_PEATONAL;E1;20260933;18329;0;18128;18329;7.035850;17.100000;0.018495;14.284900;167;67.280786;0.235997;0.051377;4370;10.334760;24.900000
CSV_PEATONAL;E0;20260934;18305;0;18105;18305;10.743737;27.600000;0.081180;21.788500;228;65.480786;0.259142;0.047205;4364;15.853529;35.700000
CSV_PEATONAL;E1;20260934;18305;0;18104;18305;7.284075;18.000000;0.018028;14.759533;173;65.180786;0.235631;0.049639;4364;10.571357;24.900000
CSV_PEATONAL;E0;20260935;18293;0;18082;18293;10.882376;27.900000;0.084513;22.066967;244;65.180786;0.259004;0.046590;4316;16.913160;38.100000
CSV_PEATONAL;E1;20260935;18293;0;18089;18293;7.438829;18.600000;0.021374;15.072233;169;63.680786;0.235484;0.049597;4316;10.989272;26.400000
CSV_PEATONAL;E0;20260936;18411;0;18208;18411;10.857487;28.800000;0.089675;22.145100;222;65.780786;0.260673;0.047158;4336;16.066813;36.000000
CSV_PEATONAL;E1;20260936;18411;0;18201;18411;7.372038;18.600000;0.018630;15.026833;165;62.780786;0.237005;0.050786;4336;10.655673;25.200000
CSV_PEATONAL;E0;20260937;18518;0;18309;18518;11.154644;28.500000;0.088184;22.884700;248;69.380786;0.262358;0.049028;4412;17.122711;38.100000
CSV_PEATONAL;E1;20260937;18518;0;18305;18518;7.622913;18.900000;0.028081;15.627933;186;68.480786;0.238592;0.052575;4412;11.155009;26.400000
CSV_PEATONAL;E0;20260938;18395;0;18177;18395;11.118250;28.800000;0.088992;22.649267;238;67.280786;0.260066;0.046908;4331;16.910483;37.800000
CSV_PEATONAL;E1;20260938;18395;0;18180;18395;7.353303;18.600000;0.018320;14.972867;175;66.380786;0.236502;0.051032;4331;11.039668;26.400000
CSV_PEATONAL;E0;20260939;18393;0;18184;18393;11.006198;28.500000;0.085957;22.438633;239;65.480786;0.260387;0.047036;4386;16.388030;37.200000
CSV_PEATONAL;E1;20260939;18393;0;18188;18393;7.435736;18.300000;0.023487;15.143233;177;66.080786;0.236720;0.051147;4386;10.680438;25.200000
CSV_PEATONAL;E0;20260940;18390;0;18189;18390;10.844307;28.200000;0.083959;22.098300;226;63.980786;0.260768;0.047294;4329;16.117394;36.900000
CSV_PEATONAL;E1;20260940;18390;0;18191;18390;7.264633;18.300000;0.019685;14.795300;165;64.580786;0.237106;0.052283;4329;10.435967;24.900000
CSV_PEATONAL;E0;20260941;18346;0;18143;18346;10.773378;28.200000;0.084705;21.903500;218;63.080786;0.259420;0.046381;4343;15.556965;35.700000
CSV_PEATONAL;E1;20260941;18346;0;18141;18346;7.290298;18.300000;0.017006;14.806167;161;63.680786;0.235878;0.050114;4343;10.128437;24.000000
CSV_PEATONAL;E0;20260942;18375;0;18157;18375;10.550220;27.900000;0.079837;21.477867;216;64.580786;0.259759;0.047821;4376;15.890814;35.700000
CSV_PEATONAL;E1;20260942;18375;0;18162;18375;7.197045;18.300000;0.014531;14.643500;151;64.280786;0.236176;0.050415;4376;10.269173;24.300000
CSV_PEATONAL;E0;20260943;18514;0;18310;18514;11.044923;29.100000;0.090148;22.665167;234;65.480786;0.262233;0.048725;4385;16.829555;37.500000
CSV_PEATONAL;E1;20260943;18514;0;18308;18514;7.506174;18.600000;0.022307;15.396300;167;64.280786;0.238442;0.052139;4385;11.005929;25.800000
CSV_PEATONAL;E0;20260944;18411;0;18211;18411;10.682483;27.600000;0.077236;21.799533;232;72.680786;0.261159;0.048464;4365;16.264192;36.300000
CSV_PEATONAL;E1;20260944;18411;0;18205;18411;7.132801;18.000000;0.017164;14.541967;172;65.780786;0.237433;0.051646;4365;10.872577;25.500000
CSV_PEATONAL;E0;20260945;18312;0;18103;18312;10.961615;28.500000;0.087702;22.243400;235;67.580786;0.259267;0.046466;4355;16.173065;36.600000
CSV_PEATONAL;E1;20260945;18312;0;18106;18312;7.428326;18.600000;0.021734;15.063700;173;66.080786;0.235754;0.050167;4355;10.889552;25.800000
CSV_PEATONAL;E0;20260946;18491;0;18272;18491;11.381780;30.000000;0.099508;23.315367;214;66.380786;0.262006;0.047095;4371;15.913658;36.300000
CSV_PEATONAL;E1;20260946;18491;0;18275;18491;7.690422;19.500000;0.018820;15.743667;146;66.380786;0.238199;0.051127;4371;10.511736;24.900000
CSV_PEATONAL;E0;20260947;18332;0;18121;18332;11.053066;28.500000;0.084933;22.447100;226;65.480786;0.259657;0.046643;4345;16.288446;36.900000
CSV_PEATONAL;E1;20260947;18332;0;18123;18332;7.405411;18.300000;0.020401;15.030300;170;65.780786;0.236107;0.050243;4345;10.802486;26.100000
CSV_PEATONAL;E0;20260948;18364;0;18159;18364;10.683685;27.600000;0.079503;21.737900;225;67.580786;0.259861;0.046953;4314;16.042976;35.700000
CSV_PEATONAL;E1;20260948;18364;0;18161;18364;7.229797;17.700000;0.018079;14.702133;169;66.980786;0.236313;0.050040;4314;10.510709;24.900000
CSV_PEATONAL;E0;20260949;18389;0;18175;18389;11.158584;28.800000;0.089021;22.738100;251;63.680786;0.260590;0.046503;4349;16.939756;37.500000
CSV_PEATONAL;E1;20260949;18389;0;18175;18389;7.592517;18.900000;0.024036;15.462633;193;67.580786;0.236914;0.050353;4349;11.056059;26.100000
CSV_PEATONAL;E0;20260950;18432;0;18221;18432;11.049447;28.500000;0.085341;22.566000;242;66.080786;0.261335;0.046961;4373;17.089641;38.100000
CSV_PEATONAL;E1;20260950;18432;0;18220;18432;7.560189;18.900000;0.024360;15.429233;183;63.680786;0.237603;0.050424;4373;11.296616;27.000000
CSV_PEATONAL;E0;20260951;18420;0;18212;18420;10.863192;27.900000;0.083062;22.170767;240;62.463737;0.260675;0.047350;4368;16.220536;36.600000
CSV_PEATONAL;E1;20260951;18420;0;18213;18420;7.369577;18.000000;0.021987;15.028267;178;63.663737;0.236977;0.051296;4368;10.482624;24.900000
CSV_PEATONAL;E0;20260952;18383;0;18181;18383;10.190404;26.700000;0.069031;20.753733;214;63.980786;0.260353;0.048110;4333;14.729979;33.600000
CSV_PEATONAL;E1;20260952;18383;0;18185;18383;7.061758;17.700000;0.013926;14.376800;156;63.680786;0.236768;0.051148;4333;10.152227;23.700000
