Ciudad,Denominacion,Direccion,Foto,Estrellas,Precio
Rosario,Holiday Inn Express Rosario,Salta 1950,holiday-inn-rosario.jpg,4,98000
Rosario,Ros Tower Hotel,Mitre 299,ros-tower.jpg,5,145000
Rosario,Esplendor by Wyndham Savoy,San Lorenzo 1022,savoy-rosario.jpg,4,112000
Cordoba,Hotel Quorum Cordoba,Ricardo Rojas 40,quorum-cordoba.jpg,5,134000
Cordoba,Amerian Cordoba Park Hotel,Bv. San Juan 165,amerian-cordoba.jpg,4,96000
Buenos Aires,Alvear Palace Hotel,Av. Alvear 1891,alvear-palace.jpg,5,320000
Buenos Aires,Hotel Madero,Rosario Vera Penaloza 360,hotel-madero.jpg,4,158000
Mendoza,Park Hyatt Mendoza,Chile 1124,park-hyatt-mendoza.jpg,5,210000
Mendoza,Diplomatic Hotel,Av. Belgrano 1041,diplomatic-mendoza.jpg,4,124000
Bariloche,Llao Llao Resort,Av. Bustillo Km 25,llao-llao.jpg,5,395000
Bariloche,Hotel Panamericano Bariloche,San Martin 536,panamericano-brc.jpg,4,168000
Salta,Sheraton Salta Hotel,Av. Ejercito del Norte 330,sheraton-salta.jpg,5,142000
