escenario;semilla;umbralULI;esperaMaxDias;horasEnVacio;modoFinCampana;pPrioridad;factorDemanda;minPorULI;horasMedidas;nLlegadas;nTratadas;kgTratados;nEncendidos;nEncendidosPrioridad;campanasPorMes;uliPorCampanaMedia;uliPorCampanaMediana;diasPorCampanaMedia;colaAlEncenderMedia;colaAlApagarMedia;esperaMediaDias;esperaP90Dias;esperaMaximaDias;colaMediaULI;colaMediaKg;sistemaMedioULI;sistemaMedioHoras;utilizacion;fraccionCaliente;kWhTotal;kWhPorKg;costoEnergiaPorKg
E0;1;75.0000;Infinity;48.0000;workConserving;0.00950000;1.00000;84.7059;8760.00;1742.00;1756.00;248807;17.0000;6.00000;1.41764;103.294;102.000;7.29412;63.0000;20.1765;7.26572;22.2125;30.7932;33.1669;4704.87;33.4499;175.789;0.282998;0.361746;346359;1.39208;403.703
E0;2;75.0000;Infinity;48.0000;workConserving;0.00950000;1.00000;84.7059;8760.00;1699.00;1772.00;249716;18.0000;7.00000;1.50103;94.0556;113.000;6.77778;67.5000;22.1111;7.79950;17.2130;33.9206;37.1266;5187.72;37.4122;188.607;0.285562;0.364601;350291;1.40276;406.800
E0;3;75.0000;Infinity;48.0000;workConserving;0.00950000;1.00000;84.7059;8760.00;1787.00;1785.00;252876;15.0000;3.00000;1.25086;125.071;115.000;8.92857;71.6667;15.1429;7.12659;18.5408;28.5557;33.3973;4749.80;33.6850;172.474;0.287673;0.374131;354644;1.40244;406.707
E0;4;75.0000;Infinity;48.0000;workConserving;0.00950000;1.00000;84.7059;8760.00;1501.00;1514.00;213176;14.0000;4.00000;1.16747;108.143;113.000;7.78571;73.8571;21.0000;7.84459;14.5705;35.5122;32.4354;4556.86;32.6794;189.682;0.243997;0.310028;296053;1.38877;402.743
E0;5;75.0000;Infinity;48.0000;workConserving;0.00950000;1.00000;84.7059;8760.00;1799.00;1888.00;266901;16.0000;4.00000;1.33425;112.438;101.000;8.06250;71.4375;16.3750;6.18473;11.4377;30.7194;30.8652;4342.13;31.1694;149.887;0.304228;0.400526;379583;1.42219;412.434
E0;6;75.0000;Infinity;48.0000;workConserving;0.00950000;1.00000;84.7059;8760.00;1683.00;1711.00;241093;15.0000;5.00000;1.25086;103.143;100.000;7.50000;62.6000;18.5714;7.65121;14.5280;48.4077;35.5532;5005.20;35.8289;185.041;0.275745;0.355742;338233;1.40292;406.846
E0;7;75.0000;Infinity;48.0000;workConserving;0.00950000;1.00000;84.7059;8760.00;2249.00;2298.00;325231;17.0000;5.00000;1.41764;135.176;150.000;9.52941;63.7059;13.2353;5.82250;11.7904;26.6588;35.3280;4978.16;35.6983;141.152;0.370346;0.469203;442257;1.35982;394.349
E0;8;75.0000;Infinity;48.0000;workConserving;0.00950000;1.00000;84.7059;8760.00;1912.00;1950.00;275485;19.0000;8.00000;1.58442;96.0000;98.0000;6.72222;65.0526;22.3333;6.89626;13.8448;43.8450;36.6536;5167.69;36.9680;166.921;0.314386;0.397749;381257;1.38395;401.345
E0;9;75.0000;Infinity;48.0000;workConserving;0.00950000;1.00000;84.7059;8760.00;1971.00;1893.00;266498;18.0000;5.00000;1.50103;111.235;108.000;7.52941;66.3889;15.5294;6.95452;14.2493;23.6165;37.0049;5219.73;37.3100;168.323;0.305124;0.375394;359923;1.35057;391.664
E0;10;75.0000;Infinity;48.0000;workConserving;0.00950000;1.00000;84.7059;8760.00;1845.00;1845.00;260782;22.0000;10.0000;1.83459;82.6364;97.0000;6.09091;67.0455;28.5909;7.44486;12.1960;38.8003;37.9774;5353.48;38.2746;180.026;0.297273;0.382146;371485;1.42450;413.106
E0;11;75.0000;Infinity;48.0000;workConserving;0.00950000;1.00000;84.7059;8760.00;1736.00;1776.00;250242;20.0000;8.00000;1.66781;88.8000;103.000;6.60000;65.6000;24.0000;7.71360;14.8797;35.1771;34.5660;4865.99;34.8522;186.538;0.286221;0.368334;356391;1.42419;413.014
E0;12;75.0000;Infinity;48.0000;workConserving;0.00950000;1.00000;84.7059;8760.00;1673.00;1705.00;238211;19.0000;8.00000;1.58442;91.3333;79.0000;6.66667;60.8947;22.8889;8.08401;16.2339;30.1629;37.3643;5245.70;37.6392;195.454;0.274910;0.344345;333598;1.40043;406.125
E0;13;75.0000;Infinity;48.0000;workConserving;0.00950000;1.00000;84.7059;8760.00;1976.00;2010.00;280914;15.0000;3.00000;1.25086;127.643;130.000;9.21429;65.9333;8.64286;5.41534;10.4456;29.8851;29.6278;4112.29;29.9518;131.394;0.323985;0.428227;402921;1.43432;415.953
E0;14;75.0000;Infinity;48.0000;workConserving;0.00950000;1.00000;84.7059;8760.00;1909.00;1840.00;256894;21.0000;9.00000;1.75120;90.3000;82.0000;6.50000;60.0000;21.0000;6.96851;11.8123;42.2951;35.8853;5091.23;36.1819;168.667;0.296592;0.371387;360499;1.40330;406.956
E0;15;75.0000;Infinity;48.0000;workConserving;0.00950000;1.00000;84.7059;8760.00;1748.00;1699.00;239733;19.0000;8.00000;1.58442;89.4211;109.000;6.52632;60.0000;20.6842;6.66138;11.6594;36.3978;32.9751;4675.86;33.2489;161.285;0.273811;0.356643;344573;1.43732;416.823
E0;16;75.0000;Infinity;48.0000;workConserving;0.00950000;1.00000;84.7059;8760.00;1922.00;1928.00;270603;21.0000;10.0000;1.75120;91.8095;110.000;6.38095;59.8095;20.8095;7.25260;16.8938;28.2764;38.6337;5478.56;38.9444;175.474;0.310717;0.372949;361893;1.33736;387.835
E0;17;75.0000;Infinity;48.0000;workConserving;0.00950000;1.00000;84.7059;8760.00;1667.00;1612.00;227020;15.0000;4.00000;1.25086;107.467;123.000;7.66667;67.9333;15.2000;8.07441;17.3961;29.4165;37.0143;5183.97;37.2741;195.198;0.259790;0.340504;324634;1.42998;414.694
E0;18;75.0000;Infinity;48.0000;workConserving;0.00950000;1.00000;84.7059;8760.00;1724.00;1658.00;232925;21.0000;9.00000;1.75120;80.2000;85.0000;5.75000;64.4286;24.9000;8.40294;17.5065;24.0264;38.8897;5425.16;39.1569;203.122;0.267209;0.337398;330167;1.41748;411.069
E0;19;75.0000;Infinity;48.0000;workConserving;0.00950000;1.00000;84.7059;8760.00;1873.00;1864.00;258217;20.0000;8.00000;1.66781;87.4000;97.0000;6.50000;69.4000;25.1500;7.93429;15.2196;36.6292;39.3831;5456.52;39.6835;192.206;0.300371;0.385426;371644;1.43927;417.388
E0;20;75.0000;Infinity;48.0000;workConserving;0.00950000;1.00000;84.7059;8760.00;1692.00;1698.00;238054;12.0000;3.00000;1.00068;135.167;142.000;9.66667;67.5000;14.4167;7.89873;22.3131;38.2507;34.6539;4893.06;34.9276;190.981;0.273650;0.359948;337834;1.41915;411.553
E0;21;75.0000;Infinity;48.0000;workConserving;0.00950000;1.00000;84.7059;8760.00;1747.00;1777.00;252102;23.0000;8.00000;1.91798;75.8636;82.0000;5.50000;63.4348;21.6364;7.04718;12.5524;29.5077;34.2233;4836.22;34.5098;170.568;0.286459;0.378695;369789;1.46683;425.380
E0;22;75.0000;Infinity;48.0000;workConserving;0.00950000;1.00000;84.7059;8760.00;1617.00;1609.00;224354;15.0000;4.00000;1.25086;107.267;107.000;7.73333;61.1333;10.4667;8.38083;15.2762;45.8438;36.6142;5207.40;36.8735;202.552;0.259307;0.337939;322345;1.43677;416.663
E0;23;75.0000;Infinity;48.0000;workConserving;0.00950000;1.00000;84.7059;8760.00;1748.00;1742.00;244439;17.0000;5.00000;1.41764;102.471;119.000;7.17647;63.7647;14.4706;7.16941;16.4423;43.0978;33.4963;4699.82;33.7771;173.478;0.280741;0.355495;340780;1.39414;404.299
E0;24;75.0000;Infinity;48.0000;workConserving;0.00950000;1.00000;84.7059;8760.00;1843.00;1901.00;267475;15.0000;6.00000;1.25086;114.533;140.000;8.33333;62.9333;20.2667;6.09790;13.3970;45.9972;30.9287;4368.53;31.2351;147.806;0.306336;0.395173;373422;1.39610;404.869
E0;25;75.0000;Infinity;48.0000;workConserving;0.00950000;1.00000;84.7059;8760.00;1605.00;1583.00;225495;22.0000;11.0000;1.83459;71.9545;2.00000;5.77273;57.5000;27.7273;7.03181;14.4670;30.3727;31.7757;4483.36;32.0308;170.175;0.255117;0.347803;340836;1.51150;438.336
E0;26;75.0000;Infinity;48.0000;workConserving;0.00950000;1.00000;84.7059;8760.00;1607.00;1658.00;233834;26.0000;14.0000;2.16815;58.6000;2.00000;4.76000;59.7308;29.4400;8.31012;16.3443;25.0346;36.6024;5119.53;36.8696;200.900;0.267183;0.362953;359892;1.53909;446.337
E0;27;75.0000;Infinity;48.0000;workConserving;0.00950000;1.00000;84.7059;8760.00;2139.00;2088.00;293873;17.0000;6.00000;1.41764;122.824;115.000;8.58824;64.9412;20.4118;6.41477;14.9308;30.8425;37.6661;5249.43;38.0026;155.366;0.336503;0.419397;397809;1.35368;392.566
E0;28;75.0000;Infinity;48.0000;workConserving;0.00950000;1.00000;84.7059;8760.00;1277.00;1247.00;177394;17.0000;6.00000;1.41764;73.3529;87.0000;5.47059;58.3529;14.3529;9.29127;18.9233;38.7685;32.2231;4575.91;32.4241;224.402;0.200967;0.270047;264525;1.49117;432.438
E0;29;75.0000;Infinity;48.0000;workConserving;0.00950000;1.00000;84.7059;8760.00;1943.00;2008.00;278545;14.0000;3.00000;1.16747;137.714;123.000;9.92857;70.2143;13.7857;5.57604;9.63860;34.0673;30.1885;4185.41;30.5121;135.237;0.323610;0.423108;396968;1.42515;413.293
E0;30;75.0000;Infinity;48.0000;workConserving;0.00950000;1.00000;84.7059;8760.00;2085.00;2067.00;288845;20.0000;9.00000;1.66781;99.8421;100.000;7.47368;74.0500;33.2632;6.92906;15.0818;28.2456;39.3757;5531.92;39.7089;167.744;0.333226;0.424724;406715;1.40807;408.341
E1;1;45.0000;Infinity;48.0000;workConserving;0.00950000;1.00000;84.7059;8760.00;1742.00;1726.00;244533;19.0000;5.00000;1.58442;93.8333;97.0000;7.27778;41.8421;11.0000;4.79370;9.34456;34.9516;22.9140;3240.42;23.1923;116.398;0.278321;0.389980;374324;1.53077;443.924
E1;2;45.0000;Infinity;48.0000;workConserving;0.00950000;1.00000;84.7059;8760.00;1699.00;1704.00;240050;19.0000;3.00000;1.58442;89.1053;83.0000;6.42105;43.1053;5.31579;4.57141;9.52625;26.0791;21.3147;2997.75;21.5893;111.081;0.274606;0.389904;374256;1.55908;452.132
E1;3;45.0000;Infinity;48.0000;workConserving;0.00950000;1.00000;84.7059;8760.00;1787.00;1748.00;247900;19.0000;5.00000;1.58442;94.2222;78.0000;7.05556;43.7368;11.9444;4.68826;9.65615;29.8004;22.8461;3236.89;23.1279;113.934;0.281785;0.384125;369098;1.48890;431.782
E1;4;45.0000;Infinity;48.0000;workConserving;0.00950000;1.00000;84.7059;8760.00;1501.00;1529.00;215193;16.0000;2.00000;1.33425;95.5625;86.0000;7.56250;49.3125;8.93750;5.79188;15.1704;29.8448;23.7587;3324.66;24.0051;140.417;0.246414;0.370540;352823;1.63957;475.475
E1;5;45.0000;Infinity;48.0000;workConserving;0.00950000;1.00000;84.7059;8760.00;1799.00;1809.00;256038;17.0000;2.00000;1.41764;104.588;112.000;7.70588;42.6471;4.35294;4.14309;6.69740;23.0500;20.6002;2905.34;20.8916;100.824;0.291438;0.400850;381257;1.48906;431.829
E1;6;45.0000;Infinity;48.0000;workConserving;0.00950000;1.00000;84.7059;8760.00;1683.00;1703.00;240001;18.0000;5.00000;1.50103;94.6111;80.0000;7.50000;46.9444;14.7778;5.32014;9.38530;23.1116;24.5597;3482.31;24.8342;129.095;0.274456;0.391626;374409;1.56003;452.409
E1;7;45.0000;Infinity;48.0000;workConserving;0.00950000;1.00000;84.7059;8760.00;2249.00;2284.00;323343;19.0000;3.00000;1.58442;120.211;118.000;8.89474;39.4211;2.73684;3.43890;7.55052;23.0467;20.8915;2930.79;21.2596;83.9453;0.368090;0.511859;483092;1.49405;433.275
E1;8;45.0000;Infinity;48.0000;workConserving;0.00950000;1.00000;84.7059;8760.00;1912.00;1954.00;276265;24.0000;10.0000;2.00137;76.5652;67.0000;5.95652;41.1667;15.6087;4.19358;8.36590;28.0599;22.1982;3132.12;22.5131;102.056;0.314886;0.431082;417924;1.51277;438.702
E1;9;45.0000;Infinity;48.0000;workConserving;0.00950000;1.00000;84.7059;8760.00;1971.00;1893.00;266498;19.0000;4.00000;1.58442;105.056;108.000;7.55556;41.2632;6.72222;4.02211;6.80662;22.0997;21.7885;3063.42;22.0936;97.9083;0.305124;0.404503;387285;1.45324;421.438
E1;10;45.0000;Infinity;48.0000;workConserving;0.00950000;1.00000;84.7059;8760.00;1845.00;1821.00;257358;19.0000;4.00000;1.58442;95.6842;106.000;7.63158;44.2632;9.47368;4.14132;7.56195;35.2415;21.1367;2960.32;21.4302;100.765;0.293464;0.446952;425167;1.65205;479.094
E1;11;45.0000;Infinity;48.0000;workConserving;0.00950000;1.00000;84.7059;8760.00;1736.00;1730.00;243904;25.0000;10.0000;2.08476;69.2000;73.0000;5.60000;39.6000;15.1600;4.86878;8.14704;39.8841;23.2155;3257.89;23.4943;118.263;0.278807;0.391035;383570;1.57262;456.061
E1;12;45.0000;Infinity;48.0000;workConserving;0.00950000;1.00000;84.7059;8760.00;1673.00;1707.00;238431;22.0000;8.00000;1.83459;74.7619;75.0000;5.76190;41.6364;14.6190;4.60140;8.12550;30.1629;21.2938;2977.96;21.5689;111.831;0.275058;0.382067;371414;1.55774;451.745
E1;13;45.0000;Infinity;48.0000;workConserving;0.00950000;1.00000;84.7059;8760.00;1976.00;1976.00;276188;21.0000;6.00000;1.75120;91.0500;109.000;7.15000;40.7619;9.95000;3.87828;7.50252;23.0802;20.9958;2928.16;21.3143;94.4904;0.318453;0.453155;433471;1.56948;455.148
E1;14;45.0000;Infinity;48.0000;workConserving;0.00950000;1.00000;84.7059;8760.00;1909.00;1879.00;262647;19.0000;6.00000;1.58442;99.5556;86.0000;7.55556;41.0526;12.7222;4.52530;7.72252;54.6186;23.3862;3330.37;23.6891;110.024;0.302945;0.403814;386669;1.47220;426.939
E1;15;45.0000;Infinity;48.0000;workConserving;0.00950000;1.00000;84.7059;8760.00;1748.00;1708.00;241063;20.0000;7.00000;1.66781;85.4000;97.0000;6.40000;47.3500;16.9500;4.70292;9.81205;21.4562;23.0266;3248.13;23.3019;114.282;0.275262;0.369446;357383;1.48253;429.933
E1;16;45.0000;Infinity;48.0000;workConserving;0.00950000;1.00000;84.7059;8760.00;1922.00;1928.00;270603;22.0000;8.00000;1.83459;87.6364;72.0000;6.59091;41.8182;12.2273;4.48473;7.92416;25.3821;24.0133;3395.90;24.3240;109.045;0.310717;0.417930;403419;1.49082;432.337
E1;17;45.0000;Infinity;48.0000;workConserving;0.00950000;1.00000;84.7059;8760.00;1667.00;1675.00;235777;21.0000;5.00000;1.75120;79.7619;75.0000;6.14286;45.1905;12.1905;4.80661;10.9721;25.5742;21.3605;3003.79;21.6305;116.771;0.269944;0.387518;374895;1.59004;461.112
E1;18;45.0000;Infinity;48.0000;workConserving;0.00950000;1.00000;84.7059;8760.00;1724.00;1688.00;237516;23.0000;7.00000;1.91798;72.9091;72.0000;5.54545;41.3043;11.5000;4.59719;8.75670;25.4098;21.5552;3027.78;21.8273;111.749;0.272070;0.382190;372908;1.57003;455.309
E1;19;45.0000;Infinity;48.0000;workConserving;0.00950000;1.00000;84.7059;8760.00;1873.00;1914.00;264946;20.0000;5.00000;1.66781;95.7000;91.0000;7.20000;41.8000;7.80000;4.83079;9.78962;30.7340;24.0499;3329.31;24.3584;117.351;0.308461;0.427761;409425;1.54531;448.141
E1;20;45.0000;Infinity;48.0000;workConserving;0.00950000;1.00000;84.7059;8760.00;1692.00;1626.00;228046;16.0000;3.00000;1.33425;108.133;117.000;8.46667;44.6250;7.66667;4.07182;7.61317;22.7959;18.9049;2653.58;19.1669;99.0994;0.262051;0.379540;360855;1.58238;458.890
E1;21;45.0000;Infinity;48.0000;workConserving;0.00950000;1.00000;84.7059;8760.00;1747.00;1777.00;252102;24.0000;7.00000;2.00137;72.5652;79.0000;5.86957;45.2500;14.3043;4.89756;8.37739;22.2947;23.7520;3356.44;24.0385;118.948;0.286459;0.414717;403320;1.59983;463.951
E1;22;45.0000;Infinity;48.0000;workConserving;0.00950000;1.00000;84.7059;8760.00;1617.00;1608.00;224543;19.0000;5.00000;1.58442;83.1667;65.0000;6.55556;47.4211;14.7778;5.23140;14.6723;32.0973;23.0052;3252.65;23.2644;127.029;0.259164;0.380067;365478;1.62765;472.018
E1;23;45.0000;Infinity;48.0000;workConserving;0.00950000;1.00000;84.7059;8760.00;1748.00;1675.00;235075;19.0000;5.00000;1.58442;92.6667;93.0000;6.61111;42.1053;11.2778;4.55360;9.94831;20.1677;21.9264;3084.94;22.1963;110.651;0.269911;0.371606;357926;1.52260;441.555
E1;24;45.0000;Infinity;48.0000;workConserving;0.00950000;1.00000;84.7059;8760.00;1843.00;1843.00;259086;19.0000;5.00000;1.58442;98.1111;100.000;7.72222;41.7368;10.1111;3.83912;7.84877;43.5440;19.3849;2718.77;19.6820;93.5507;0.297019;0.426235;406678;1.56966;455.202
E1;25;45.0000;Infinity;48.0000;workConserving;0.00950000;1.00000;84.7059;8760.00;1605.00;1583.00;225495;21.0000;8.00000;1.75120;75.3810;86.0000;5.52381;43.1905;16.0952;5.76357;13.0976;28.5010;26.2754;3717.43;26.5305;139.738;0.255117;0.337969;330676;1.46645;425.270
E1;26;45.0000;Infinity;48.0000;workConserving;0.00950000;1.00000;84.7059;8760.00;1607.00;1567.00;220922;26.0000;9.00000;2.16815;62.1200;75.0000;4.92000;38.8462;12.3200;4.95409;9.98995;22.4118;21.6299;3058.39;21.8826;120.315;0.252680;0.364448;361226;1.63508;474.174
E1;27;45.0000;Infinity;48.0000;workConserving;0.00950000;1.00000;84.7059;8760.00;2139.00;2117.00;298050;20.0000;2.00000;1.66781;109.895;95.0000;7.84211;41.8000;2.89474;3.41101;5.80499;19.9720;20.0061;2808.90;20.3474;83.2547;0.341302;0.464894;442563;1.48486;430.610
E1;28;45.0000;Infinity;48.0000;workConserving;0.00950000;1.00000;84.7059;8760.00;1277.00;1247.00;177394;19.0000;6.00000;1.58442;65.6316;76.0000;5.15789;41.2632;12.2105;5.07138;10.1488;31.6769;17.8061;2510.22;18.0071;123.125;0.200967;0.292951;287733;1.62199;470.378
E1;29;45.0000;Infinity;48.0000;workConserving;0.00950000;1.00000;84.7059;8760.00;1943.00;1991.00;276071;20.0000;5.00000;1.66781;96.4000;111.000;7.15000;44.0500;11.7000;3.74041;7.21448;30.1676;20.1277;2796.62;20.4485;91.1869;0.320821;0.438568;419069;1.51798;440.214
E1;30;45.0000;Infinity;48.0000;workConserving;0.00950000;1.00000;84.7059;8760.00;2085.00;2028.00;283397;25.0000;10.0000;2.08476;80.6667;71.0000;6.33333;40.0400;15.4583;4.41059;8.37890;17.2201;25.0254;3498.45;25.3524;107.263;0.326916;0.453299;439135;1.54954;449.367
E2;1;75.0000;15.0000;48.0000;workConserving;0.00950000;1.00000;84.7059;8760.00;1742.00;1745.00;247187;21.0000;7.00000;1.75120;79.3333;79.0000;6.66667;45.9524;14.3333;5.51318;12.4354;17.2883;25.9613;3676.10;26.2425;133.868;0.281199;0.423444;406956;1.64635;477.441
E2;2;75.0000;15.0000;48.0000;workConserving;0.00950000;1.00000;84.7059;8760.00;1699.00;1735.00;244463;20.0000;7.00000;1.66781;84.6500;86.0000;6.40000;64.7500;21.2500;7.01966;15.0399;19.2812;33.1384;4641.34;33.4180;169.835;0.279595;0.375870;363116;1.48536;430.754
E2;3;75.0000;15.0000;48.0000;workConserving;0.00950000;1.00000;84.7059;8760.00;1787.00;1731.00;245305;17.0000;4.00000;1.41764;104.500;93.0000;7.75000;57.2353;14.7500;5.83522;10.7452;17.9907;28.2762;4023.74;28.5551;141.461;0.278946;0.388221;369987;1.50827;437.399
E2;4;75.0000;15.0000;48.0000;workConserving;0.00950000;1.00000;84.7059;8760.00;1501.00;1476.00;207766;15.0000;3.00000;1.25086;98.4000;122.000;7.53333;57.6667;12.8667;6.90308;14.6262;17.3039;28.8490;4047.46;29.0868;167.086;0.237873;0.325569;311306;1.49835;434.521
E2;5;75.0000;15.0000;48.0000;workConserving;0.00950000;1.00000;84.7059;8760.00;1799.00;1799.00;254303;18.0000;5.00000;1.50103;99.9444;94.0000;7.27778;64.6111;15.9444;6.28708;12.7616;18.0451;30.9875;4355.58;31.2775;152.302;0.289927;0.396655;378897;1.48994;432.084
E2;6;75.0000;15.0000;48.0000;workConserving;0.00950000;1.00000;84.7059;8760.00;1683.00;1711.00;241093;19.0000;5.00000;1.58442;80.2222;58.0000;6.00000;50.3158;11.4444;6.14378;11.8883;17.2260;28.4868;3999.07;28.7626;148.862;0.275745;0.373000;359171;1.48976;432.031
E2;7;75.0000;15.0000;48.0000;workConserving;0.00950000;1.00000;84.7059;8760.00;2249.00;2261.00;320133;15.0000;4.00000;1.25086;148.067;167.000;10.4667;58.0667;10.5333;4.99481;11.1564;19.1461;30.8181;4357.05;31.1823;121.290;0.364236;0.475420;445036;1.39016;403.147
E2;8;75.0000;15.0000;48.0000;workConserving;0.00950000;1.00000;84.7059;8760.00;1912.00;1927.00;272513;20.0000;7.00000;1.66781;92.6842;74.0000;7.42105;57.4500;22.2632;5.66386;13.5451;20.0350;29.9708;4219.61;30.2813;137.322;0.310554;0.437181;417832;1.53325;444.644
E2;9;75.0000;15.0000;48.0000;workConserving;0.00950000;1.00000;84.7059;8760.00;1971.00;1893.00;266498;19.0000;5.00000;1.58442;105.056;100.000;7.50000;55.4211;15.4444;5.74305;13.5665;17.9075;30.7186;4323.90;31.0237;139.233;0.305124;0.390810;375065;1.40738;408.141
E2;10;75.0000;15.0000;48.0000;workConserving;0.00950000;1.00000;84.7059;8760.00;1845.00;1845.00;260782;24.0000;10.0000;2.00137;75.7500;57.0000;5.87500;58.2083;23.0417;6.63031;11.9737;16.9661;33.8622;4794.47;34.1595;160.487;0.297273;0.404343;394062;1.51108;438.212
E2;11;75.0000;15.0000;48.0000;workConserving;0.00950000;1.00000;84.7059;8760.00;1736.00;1718.00;242258;22.0000;9.00000;1.83459;78.0909;73.0000;6.00000;48.9545;16.6364;6.40944;14.2299;18.4078;30.6146;4323.42;30.8914;155.238;0.276873;0.372668;363026;1.49851;434.568
E2;12;75.0000;15.0000;48.0000;workConserving;0.00950000;1.00000;84.7059;8760.00;1673.00;1697.00;236950;21.0000;8.00000;1.75120;81.8000;43.0000;6.40000;49.1429;18.1000;6.88205;15.2072;18.7226;31.9584;4433.75;32.2320;166.590;0.273620;0.367691;357200;1.50749;437.172
E2;13;75.0000;15.0000;48.0000;workConserving;0.00950000;1.00000;84.7059;8760.00;1976.00;2053.00;286784;18.0000;4.00000;1.50103;105.118;118.000;7.70588;62.1667;10.6471;5.39318;9.80190;17.3194;29.6173;4147.22;29.9482;130.886;0.330937;0.438138;415917;1.45028;420.582
E2;14;75.0000;15.0000;48.0000;workConserving;0.00950000;1.00000;84.7059;8760.00;1909.00;1840.00;256894;24.0000;10.0000;2.00137;78.5217;66.0000;5.86957;57.0417;21.2174;5.80217;9.76356;18.2943;30.0025;4233.64;30.2991;140.660;0.296592;0.387030;378611;1.47380;427.403
E2;15;75.0000;15.0000;48.0000;workConserving;0.00950000;1.00000;84.7059;8760.00;1748.00;1713.00;241655;22.0000;9.00000;1.83459;77.8636;44.0000;6.13636;54.7273;19.5000;6.27622;11.4825;17.9393;30.1951;4292.73;30.4712;152.041;0.276068;0.384966;374002;1.54766;448.823
E2;16;75.0000;15.0000;48.0000;workConserving;0.00950000;1.00000;84.7059;8760.00;1922.00;1928.00;270603;22.0000;9.00000;1.83459;87.6364;83.0000;6.22727;50.6818;15.2727;6.31632;12.8311;16.9727;33.6881;4769.74;33.9988;153.003;0.310717;0.388852;377469;1.39492;404.527
E2;17;75.0000;15.0000;48.0000;workConserving;0.00950000;1.00000;84.7059;8760.00;1667.00;1612.00;227020;21.0000;7.00000;1.75120;76.7619;86.0000;5.90476;58.1905;17.1905;6.67181;12.6591;16.8698;30.8198;4345.13;31.0796;161.535;0.259790;0.357019;347677;1.53148;444.129
E2;18;75.0000;15.0000;48.0000;workConserving;0.00950000;1.00000;84.7059;8760.00;1724.00;1724.00;242465;20.0000;7.00000;1.66781;84.4211;101.000;6.36842;54.9500;16.3684;6.93790;15.6006;20.8725;32.7697;4561.72;33.0475;167.921;0.277840;0.376541;363715;1.50007;435.021
E2;19;75.0000;15.0000;48.0000;workConserving;0.00950000;1.00000;84.7059;8760.00;1873.00;1835.00;254096;19.0000;5.00000;1.58442;96.5789;100.000;7.31579;62.9474;15.2632;6.83582;14.6238;19.4357;35.6010;4938.04;35.8967;165.471;0.295729;0.401863;384928;1.51489;439.319
E2;20;75.0000;15.0000;48.0000;workConserving;0.00950000;1.00000;84.7059;8760.00;1692.00;1676.00;234802;19.0000;5.00000;1.58442;88.2105;76.0000;6.78947;53.6316;12.0526;6.68656;13.2609;17.0748;30.3181;4277.47;30.5882;161.889;0.270105;0.382786;367904;1.56687;454.393
E2;21;75.0000;15.0000;48.0000;workConserving;0.00950000;1.00000;84.7059;8760.00;1747.00;1777.00;252102;21.0000;5.00000;1.75120;83.4500;80.0000;6.10000;56.0000;10.8000;6.51829;15.0572;16.9881;31.6470;4471.39;31.9334;157.867;0.286459;0.382203;370151;1.46826;425.796
E2;22;75.0000;15.0000;48.0000;workConserving;0.00950000;1.00000;84.7059;8760.00;1617.00;1609.00;224354;17.0000;4.00000;1.41764;94.6471;76.0000;7.17647;50.2941;6.76471;6.32606;12.7706;16.8187;27.5563;3888.53;27.8156;153.237;0.259307;0.356958;342087;1.52476;442.181
E2;23;75.0000;15.0000;48.0000;workConserving;0.00950000;1.00000;84.7059;8760.00;1748.00;1705.00;239362;17.0000;5.00000;1.41764;98.1176;98.0000;7.05882;57.5294;14.4706;5.49458;11.2222;20.1677;26.3371;3713.41;26.6118;133.327;0.274686;0.359102;343999;1.43715;416.773
E2;24;75.0000;15.0000;48.0000;workConserving;0.00950000;1.00000;84.7059;8760.00;1843.00;1901.00;267475;18.0000;7.00000;1.50103;95.4444;105.000;7.33333;63.9444;21.1667;5.77328;11.1907;18.7492;29.2390;4144.96;29.5453;140.019;0.306336;0.419168;398988;1.49168;432.588
E2;25;75.0000;15.0000;48.0000;workConserving;0.00950000;1.00000;84.7059;8760.00;1605.00;1616.00;230225;23.0000;10.0000;1.91798;70.2609;33.0000;5.52174;49.6087;22.6087;6.44806;13.1474;16.8194;28.4315;4029.28;28.6920;156.165;0.260435;0.355501;349090;1.51630;439.726
E2;26;75.0000;15.0000;48.0000;workConserving;0.00950000;1.00000;84.7059;8760.00;1607.00;1680.00;236668;26.0000;12.0000;2.16815;62.3600;57.0000;5.12000;55.4231;24.3200;7.35598;15.0368;20.7769;31.9687;4478.56;32.2395;177.955;0.270749;0.374310;370028;1.56349;453.412
E2;27;75.0000;15.0000;48.0000;workConserving;0.00950000;1.00000;84.7059;8760.00;2139.00;2088.00;293873;18.0000;6.00000;1.50103;116.000;94.0000;8.44444;60.0556;17.7222;5.53257;10.4466;16.6615;32.6194;4574.91;32.9559;134.193;0.336503;0.431858;410313;1.39623;404.906
E2;28;75.0000;15.0000;48.0000;workConserving;0.00950000;1.00000;84.7059;8760.00;1277.00;1247.00;177394;20.0000;7.00000;1.66781;62.3500;69.0000;4.85000;48.2000;14.2500;7.51959;15.7492;16.7029;26.1703;3708.37;26.3713;181.882;0.200967;0.281210;278639;1.57073;455.511
E2;29;75.0000;15.0000;48.0000;workConserving;0.00950000;1.00000;84.7059;8760.00;1943.00;2008.00;278545;16.0000;3.00000;1.33425;120.500;122.000;8.75000;59.3125;8.81250;5.07515;9.05310;16.5654;27.4329;3816.08;27.7565;123.215;0.323610;0.432717;408311;1.46587;425.102
E2;30;75.0000;15.0000;48.0000;workConserving;0.00950000;1.00000;84.7059;8760.00;2085.00;2085.00;291477;19.0000;7.00000;1.58442;105.333;100.000;8.05556;55.5263;20.7778;5.40897;12.5450;19.6853;30.8978;4310.24;31.2338;131.227;0.336019;0.462750;439265;1.50703;437.039
E3;1;75.0000;Infinity;96.0000;workConserving;0.00950000;1.00000;84.7059;8760.00;1742.00;1762.00;249573;12.0000;5.00000;1.00068;146.833;102.000;14.0833;59.6667;21.0000;5.23109;20.2052;30.7932;23.1758;3295.43;23.4598;126.958;0.283965;0.512642;474103;1.89966;550.901
E3;2;75.0000;Infinity;96.0000;workConserving;0.00950000;1.00000;84.7059;8760.00;1699.00;1696.00;238927;14.0000;6.00000;1.16747;122.846;109.000;11.6154;64.3571;24.7692;5.69363;17.2011;29.5571;26.5059;3735.92;26.7794;138.049;0.273443;0.484694;451929;1.89150;548.534
E3;3;75.0000;Infinity;96.0000;workConserving;0.00950000;1.00000;84.7059;8760.00;1787.00;1785.00;252876;12.0000;3.00000;1.00068;159.182;112.000;13.7273;70.8333;19.2727;5.71069;17.8088;28.2891;26.4691;3768.30;26.7568;138.473;0.287673;0.480936;445807;1.76295;511.254
E3;4;75.0000;Infinity;96.0000;workConserving;0.00950000;1.00000;84.7059;8760.00;1501.00;1529.00;215193;13.0000;4.00000;1.08408;118.583;122.000;9.91667;73.7692;24.5000;7.34924;14.6262;36.5119;30.2825;4234.96;30.5290;177.794;0.246414;0.397831;373026;1.73345;502.701
E3;5;75.0000;Infinity;96.0000;workConserving;0.00950000;1.00000;84.7059;8760.00;1799.00;1848.00;261396;14.0000;5.00000;1.16747;131.462;151.000;11.9231;65.1429;21.9231;4.85506;10.7763;30.7194;24.3572;3430.10;24.6550;117.844;0.297821;0.513467;477607;1.82714;529.870
E3;6;75.0000;Infinity;96.0000;workConserving;0.00950000;1.00000;84.7059;8760.00;1683.00;1683.00;237222;13.0000;4.00000;1.08408;94.7500;101.000;7.41667;58.9231;12.4167;5.94555;11.2814;39.1107;27.4147;3873.82;27.6859;144.105;0.271233;0.454135;423273;1.78429;517.444
E3;7;75.0000;Infinity;96.0000;workConserving;0.00950000;1.00000;84.7059;8760.00;2249.00;2284.00;323343;14.0000;5.00000;1.16747;150.923;104.000;12.0769;64.4286;17.0000;4.64502;11.1025;31.0776;28.4389;4012.78;28.8070;112.892;0.368090;0.597414;552523;1.70878;495.547
E3;8;75.0000;Infinity;96.0000;workConserving;0.00950000;1.00000;84.7059;8760.00;1912.00;1872.00;264915;16.0000;8.00000;1.33425;115.200;2.00000;10.5333;51.5625;17.7333;4.43109;10.5162;43.8450;23.2639;3247.35;23.5657;107.742;0.301827;0.526528;492031;1.85731;538.621
E3;9;75.0000;Infinity;96.0000;workConserving;0.00950000;1.00000;84.7059;8760.00;1971.00;1893.00;266498;15.0000;5.00000;1.25086;127.357;117.000;11.2857;63.8000;18.8571;5.11865;11.3694;23.6165;27.4785;3864.63;27.7836;124.239;0.305124;0.546646;508600;1.90846;553.452
E3;10;75.0000;Infinity;96.0000;workConserving;0.00950000;1.00000;84.7059;8760.00;1845.00;1872.00;264645;14.0000;6.00000;1.16747;115.615;99.0000;10.2308;63.7857;24.0000;5.24853;10.2709;38.8003;26.7766;3766.05;27.0783;127.343;0.301624;0.546791;507346;1.91708;555.955
E3;11;75.0000;Infinity;96.0000;workConserving;0.00950000;1.00000;84.7059;8760.00;1736.00;1808.00;254923;17.0000;8.00000;1.41764;106.353;94.0000;10.2353;67.0000;28.9412;5.71052;13.9083;35.1771;24.6575;3479.26;24.9488;138.464;0.291378;0.525122;492160;1.93062;559.880
E3;12;75.0000;Infinity;96.0000;workConserving;0.00950000;1.00000;84.7059;8760.00;1673.00;1697.00;236950;17.0000;7.00000;1.41764;102.250;79.0000;8.75000;60.4118;19.5625;6.26221;14.8334;30.1629;29.0749;4084.75;29.3485;151.705;0.273620;0.439053;415350;1.75290;508.341
E3;13;75.0000;Infinity;96.0000;workConserving;0.00950000;1.00000;84.7059;8760.00;1976.00;1955.00;273129;11.0000;3.00000;0.917295;169.273;175.000;14.3636;72.0000;15.3636;4.83710;12.0769;33.0563;26.2432;3675.27;26.5583;117.484;0.315046;0.524145;482984;1.76833;512.817
E3;14;75.0000;Infinity;96.0000;workConserving;0.00950000;1.00000;84.7059;8760.00;1909.00;1840.00;256894;15.0000;6.00000;1.25086;129.000;82.0000;11.0000;58.2667;17.3571;6.23083;14.4732;42.2951;32.1646;4563.67;32.4612;150.954;0.296592;0.482933;451741;1.75848;509.958
E3;15;75.0000;Infinity;96.0000;workConserving;0.00950000;1.00000;84.7059;8760.00;1748.00;1699.00;239733;14.0000;7.00000;1.16747;121.357;2.00000;12.2143;61.5000;28.3571;4.22738;8.77353;30.0370;21.6454;3051.40;21.9192;102.869;0.273811;0.517207;480944;2.00617;581.788
E3;16;75.0000;Infinity;96.0000;workConserving;0.00950000;1.00000;84.7059;8760.00;1922.00;1908.00;268028;18.0000;8.00000;1.50103;100.833;92.0000;8.27778;58.5556;19.2778;5.97961;10.9011;28.2764;31.6603;4466.66;31.9678;144.923;0.307494;0.524929;493372;1.84074;533.816
E3;17;75.0000;Infinity;96.0000;workConserving;0.00950000;1.00000;84.7059;8760.00;1667.00;1612.00;227020;13.0000;4.00000;1.08408;124.000;117.000;11.6923;64.3077;16.2308;5.55479;14.8749;24.9323;25.8866;3609.63;26.1464;134.727;0.259790;0.488357;453814;1.99900;579.711
E3;18;75.0000;Infinity;96.0000;workConserving;0.00950000;1.00000;84.7059;8760.00;1724.00;1658.00;232925;13.0000;5.00000;1.08408;133.667;161.000;13.7500;69.3077;25.5000;5.66562;15.4769;34.5689;26.4480;3687.70;26.7152;137.386;0.267209;0.510444;473525;2.03295;589.555
E3;19;75.0000;Infinity;96.0000;workConserving;0.00950000;1.00000;84.7059;8760.00;1873.00;1856.00;257036;14.0000;6.00000;1.16747;124.286;129.000;11.7143;62.7857;24.1429;5.71239;15.7454;36.6292;28.3062;3937.43;28.6053;138.910;0.299082;0.534049;495975;1.92959;559.582
E3;20;75.0000;Infinity;96.0000;workConserving;0.00950000;1.00000;84.7059;8760.00;1692.00;1690.00;236900;10.0000;3.00000;0.833904;169.000;188.000;15.2000;66.5000;15.2000;6.18896;22.4745;44.0729;27.3644;3840.60;27.6367;149.947;0.272361;0.471575;434685;1.83489;532.117
E3;21;75.0000;Infinity;96.0000;workConserving;0.00950000;1.00000;84.7059;8760.00;1747.00;1805.00;256319;15.0000;4.00000;1.25086;111.000;115.000;9.00000;64.0667;13.5714;6.37248;15.1156;29.7832;31.1248;4356.10;31.4157;154.351;0.290894;0.486213;454669;1.77384;514.414
E3;22;75.0000;Infinity;96.0000;workConserving;0.00950000;1.00000;84.7059;8760.00;1617.00;1568.00;218642;12.0000;4.00000;1.00068;130.667;105.000;12.1667;68.0833;20.5833;6.05492;11.8744;45.8438;26.7850;3832.08;27.0377;146.730;0.252699;0.459184;426395;1.95020;565.557
E3;23;75.0000;Infinity;96.0000;workConserving;0.00950000;1.00000;84.7059;8760.00;1748.00;1822.00;255670;9.00000;2.00000;0.750514;201.000;120.000;20.0000;72.4444;14.8750;5.20180;16.7798;43.0978;23.8689;3399.69;24.1625;126.495;0.293545;0.533340;488422;1.91036;554.005
E3;24;75.0000;Infinity;96.0000;workConserving;0.00950000;1.00000;84.7059;8760.00;1843.00;1810.00;254624;12.0000;5.00000;1.00068;142.083;98.0000;13.0833;63.0000;22.0000;4.82963;11.6616;23.0114;24.3710;3452.09;24.6627;117.323;0.291700;0.540920;499339;1.96108;568.713
E3;25;75.0000;Infinity;96.0000;workConserving;0.00950000;1.00000;84.7059;8760.00;1605.00;1603.00;228283;14.0000;7.00000;1.16747;114.500;1.00000;11.5714;53.7143;21.2857;5.29853;11.9612;30.3727;23.4738;3341.51;23.7321;128.577;0.258340;0.484677;451914;1.97962;574.089
E3;26;75.0000;Infinity;96.0000;workConserving;0.00950000;1.00000;84.7059;8760.00;1607.00;1658.00;233834;17.0000;11.0000;1.41764;60.0000;1.00000;6.43750;56.2941;35.5625;5.34665;16.6464;31.2695;23.1491;3259.95;23.4162;129.820;0.267183;0.587508;547835;2.34284;679.423
E3;27;75.0000;Infinity;96.0000;workConserving;0.00950000;1.00000;84.7059;8760.00;2139.00;2088.00;293873;13.0000;5.00000;1.08408;160.615;94.0000;13.8462;63.6923;22.3846;4.22735;9.32049;26.6682;25.1529;3528.79;25.4894;102.868;0.336503;0.552880;511396;1.74020;504.657
E3;28;75.0000;Infinity;96.0000;workConserving;0.00950000;1.00000;84.7059;8760.00;1277.00;1247.00;177394;16.0000;6.00000;1.33425;77.9375;90.0000;7.06250;57.3125;15.2500;8.73825;20.3465;38.7685;30.3337;4323.51;30.5347;211.130;0.200967;0.374273;356154;2.00770;582.232
E3;29;75.0000;Infinity;96.0000;workConserving;0.00950000;1.00000;84.7059;8760.00;1943.00;1943.00;269465;14.0000;5.00000;1.16747;138.923;123.000;12.5385;68.7143;26.0000;5.29907;10.8821;29.6135;28.2085;3922.18;28.5216;128.589;0.313135;0.548517;508887;1.88851;547.667
E3;30;75.0000;Infinity;96.0000;workConserving;0.00950000;1.00000;84.7059;8760.00;2085.00;2005.00;280150;13.0000;7.00000;1.08408;150.250;2.00000;16.0000;70.1538;38.2500;3.92031;12.8559;28.2456;22.3845;3148.35;22.7077;95.4735;0.323256;0.627283;577795;2.06244;598.109
