escenario;semilla;umbralULI;esperaMaxDias;horasEnVacio;modoFinCampana;pPrioridad;factorDemanda;minPorULI;horasMedidas;nLlegadas;nTratadas;kgTratados;nEncendidos;nEncendidosPrioridad;campanasPorMes;uliPorCampanaMedia;uliPorCampanaMediana;diasPorCampanaMedia;colaAlEncenderMedia;colaAlApagarMedia;esperaMediaDias;esperaP90Dias;esperaMaximaDias;colaMediaULI;colaMediaKg;sistemaMedioULI;sistemaMedioHoras;utilizacion;fraccionCaliente;kWhTotal;kWhPorKg;costoEnergiaPorKg;glpKg;costoLuz;costoGLP;costoCapital;costoTotal
E0;1;79.0000;Infinity;48.0000;workConserving;0.00540000;1.00000;84.7059;8760.00;1742.00;1762.00;249573;14.0000;8.00000;1.16747;125.857;101.000;9.14286;53.2143;0.00000;5.41284;14.9982;23.2181;24.0532;3400.32;24.3372;131.320;0.283965;0.406699;388807;1.55789;158.905;19297.9;3.96583e+07;4.34202e+07;3.64292e+06;8.67215e+07
E0;2;79.0000;Infinity;48.0000;workConserving;0.00540000;1.00000;84.7059;8760.00;1699.00;1699.00;239292;12.0000;3.00000;1.00068;141.583;150.000;9.41667;73.6667;0.00000;7.36566;17.9129;37.7512;34.2856;4799.18;34.5594;178.188;0.273811;0.349897;334401;1.39746;142.541;16602.6;3.41089e+07;3.73559e+07;5.14158e+06;7.66064e+07
E0;3;79.0000;Infinity;48.0000;workConserving;0.00540000;1.00000;84.7059;8760.00;1787.00;1750.00;247880;12.0000;4.00000;1.00068;152.000;115.000;10.0909;67.6667;0.00000;6.34216;11.5571;28.4179;30.5412;4337.60;30.8232;153.635;0.282038;0.363362;346207;1.39667;142.460;17241.5;3.53131e+07;3.87935e+07;4.64707e+06;7.87536e+07
E0;4;79.0000;Infinity;48.0000;workConserving;0.00540000;1.00000;84.7059;8760.00;1501.00;1514.00;213176;10.0000;2.00000;0.833904;151.400;124.000;10.3000;73.5000;0.00000;6.99053;15.0995;35.6600;28.8928;4042.02;29.1368;169.184;0.243997;0.311163;295836;1.38775;141.550;14764.7;3.01752e+07;3.32205e+07;4.33041e+06;6.77261e+07
E0;5;79.0000;Infinity;48.0000;workConserving;0.00540000;1.00000;84.7059;8760.00;1799.00;1856.00;262452;13.0000;3.00000;1.08408;135.769;112.000;9.38462;72.4615;0.00000;5.92144;10.4124;31.7519;29.6029;4189.71;29.9019;143.573;0.299071;0.398464;379285;1.44516;147.406;18907.1;3.86870e+07;4.25410e+07;4.48863e+06;8.57167e+07
E0;6;79.0000;Infinity;48.0000;workConserving;0.00540000;1.00000;84.7059;8760.00;1683.00;1703.00;240001;12.0000;4.00000;1.00068;141.917;100.000;9.75000;62.3333;0.00000;7.14025;15.1230;44.9077;33.0519;4644.18;33.3264;172.778;0.274456;0.354464;338406;1.41002;143.822;16819.3;3.45174e+07;3.78435e+07;4.97552e+06;7.73364e+07
E0;7;79.0000;Infinity;48.0000;workConserving;0.00540000;1.00000;84.7059;8760.00;2249.00;2298.00;325231;14.0000;5.00000;1.16747;164.143;150.000;11.1429;69.7143;0.00000;5.68573;11.4827;23.1588;34.4669;4867.82;34.8372;137.869;0.370346;0.475035;448719;1.37969;140.729;22540.4;4.57694e+07;5.07159e+07;5.21512e+06;1.01700e+08
E0;8;79.0000;Infinity;48.0000;workConserving;0.00540000;1.00000;84.7059;8760.00;1912.00;1995.00;281830;14.0000;6.00000;1.16747;130.143;120.000;9.78571;61.5714;0.00000;5.04813;10.4527;25.9924;26.7753;3807.48;27.0967;122.616;0.321391;0.460661;436117;1.54745;157.840;21858.3;4.44839e+07;4.91813e+07;4.07913e+06;9.77443e+07
E0;9;79.0000;Infinity;48.0000;workConserving;0.00540000;1.00000;84.7059;8760.00;1971.00;2030.00;285918;14.0000;3.00000;1.16747;151.308;152.000;10.3077;67.0714;0.00000;6.28905;11.7626;24.0205;33.0632;4675.94;33.3905;152.387;0.327284;0.416719;397592;1.39058;141.839;19773.3;4.05544e+07;4.44899e+07;5.00955e+06;9.00539e+07
E0;10;79.0000;Infinity;48.0000;workConserving;0.00540000;1.00000;84.7059;8760.00;1845.00;1922.00;271524;13.0000;4.00000;1.08408;141.923;130.000;9.61538;71.0000;0.00000;6.81590;15.1288;35.2415;35.0926;4959.71;35.4023;165.013;0.309656;0.401512;381956;1.40671;143.485;19051.7;3.89596e+07;4.28664e+07;5.31357e+06;8.71395e+07
E0;11;79.0000;Infinity;48.0000;workConserving;0.00540000;1.00000;84.7059;8760.00;1736.00;1703.00;239943;13.0000;5.00000;1.08408;131.000;117.000;9.30769;64.8462;0.00000;6.18915;11.5761;36.3841;29.7837;4176.82;30.0582;149.951;0.274456;0.371061;355259;1.48060;151.021;17606.8;3.62364e+07;3.96154e+07;4.47482e+06;8.03266e+07
E0;12;79.0000;Infinity;48.0000;workConserving;0.00540000;1.00000;84.7059;8760.00;1673.00;1643.00;229466;11.0000;4.00000;0.917295;149.400;152.000;10.5000;72.3636;0.00000;6.95229;16.6650;27.9128;32.6644;4585.53;32.9292;168.062;0.264855;0.350503;332629;1.44958;147.857;16631.4;3.39282e+07;3.74206e+07;4.91268e+06;7.62614e+07
E0;13;79.0000;Infinity;48.0000;workConserving;0.00540000;1.00000;84.7059;8760.00;1976.00;1966.00;274472;13.0000;3.00000;1.08408;143.231;132.000;10.4615;70.0769;0.00000;5.68356;10.4106;24.9774;30.8388;4324.38;31.1555;137.798;0.316748;0.444787;419897;1.52983;156.043;21105.1;4.28295e+07;4.74866e+07;4.63291e+06;9.49490e+07
E0;14;79.0000;Infinity;48.0000;workConserving;0.00540000;1.00000;84.7059;8760.00;1909.00;1838.00;256666;14.0000;4.00000;1.16747;137.385;132.000;9.69231;64.6429;0.00000;6.13769;10.6327;42.6354;31.6949;4410.00;31.9912;148.715;0.296278;0.388687;373016;1.45331;148.238;18443.2;3.80476e+07;4.14972e+07;4.72464e+06;8.42694e+07
E0;15;79.0000;Infinity;48.0000;workConserving;0.00540000;1.00000;84.7059;8760.00;1748.00;1698.00;239642;12.0000;4.00000;1.00068;141.500;115.000;10.3333;61.6667;0.00000;5.83004;10.8770;36.5726;29.0991;4134.32;29.3728;141.333;0.273650;0.383254;363647;1.51746;154.781;18185.4;3.70919e+07;4.09172e+07;4.42929e+06;8.24384e+07
E0;16;79.0000;Infinity;48.0000;workConserving;0.00540000;1.00000;84.7059;8760.00;1922.00;1908.00;268028;12.0000;8.00000;1.00068;154.417;155.000;10.5833;56.3333;0.00000;5.91325;17.3338;22.1474;31.3134;4447.47;31.6209;143.330;0.307494;0.399214;377639;1.40895;143.713;18942.7;3.85192e+07;4.26211e+07;4.76478e+06;8.59051e+07
E0;17;79.0000;Infinity;48.0000;workConserving;0.00540000;1.00000;84.7059;8760.00;1667.00;1690.00;238473;11.0000;1.00000;0.917295;153.636;146.000;10.3636;77.2727;0.00000;8.76021;21.6673;35.5899;36.9896;5182.78;37.2619;211.657;0.272361;0.350147;332318;1.39352;142.139;16614.5;3.38964e+07;3.73826e+07;5.55255e+06;7.68315e+07
E0;18;79.0000;Infinity;48.0000;workConserving;0.00540000;1.00000;84.7059;8760.00;1724.00;1657.00;232797;15.0000;7.00000;1.25086;115.929;105.000;8.28571;61.8000;0.00000;6.32522;12.4628;25.1035;29.4443;4163.04;29.7114;153.221;0.267141;0.368721;357814;1.53702;156.776;17495.8;3.64970e+07;3.93656e+07;4.46006e+06;8.03226e+07
E0;19;79.0000;Infinity;48.0000;workConserving;0.00540000;1.00000;84.7059;8760.00;1873.00;1896.00;262495;16.0000;5.00000;1.33425;118.500;112.000;8.18750;63.8750;0.00000;6.72094;12.7596;27.9948;34.5567;4797.08;34.8623;162.714;0.305560;0.407791;394371;1.50239;153.244;19349.7;4.02258e+07;4.35368e+07;5.13933e+06;8.89020e+07
E0;20;79.0000;Infinity;48.0000;workConserving;0.00540000;1.00000;84.7059;8760.00;1692.00;1727.00;242047;10.0000;3.00000;0.833904;180.111;211.000;12.6667;63.8000;0.00000;7.62501;22.8125;36.3186;35.2917;4991.30;35.5701;184.534;0.278373;0.361109;339625;1.40314;143.120;17134.6;3.46417e+07;3.85529e+07;5.34741e+06;7.85420e+07
E0;21;79.0000;Infinity;48.0000;workConserving;0.00540000;1.00000;84.7059;8760.00;1747.00;1772.00;251656;14.0000;2.00000;1.16747;121.308;114.000;8.46154;76.0714;0.00000;6.66637;16.3787;30.0498;32.2502;4565.92;32.5358;161.402;0.285599;0.389223;373486;1.48411;151.380;18468.6;3.80956e+07;4.15545e+07;4.89169e+06;8.45417e+07
E0;22;79.0000;Infinity;48.0000;workConserving;0.00540000;1.00000;84.7059;8760.00;1617.00;1553.00;216244;12.0000;5.00000;1.00068;129.417;105.000;8.58333;58.7500;0.00000;7.54919;20.3390;41.6085;33.0033;4636.85;33.2536;182.592;0.250282;0.334050;320507;1.48216;151.180;15850.7;3.26917e+07;3.56640e+07;4.96767e+06;7.33234e+07
E0;23;79.0000;Infinity;48.0000;workConserving;0.00540000;1.00000;84.7059;8760.00;1748.00;1754.00;246211;13.0000;6.00000;1.08408;141.667;120.000;9.50000;64.1538;0.00000;6.79752;16.6128;43.9737;32.5141;4591.04;32.7968;164.602;0.282762;0.362528;347778;1.41252;144.077;17202.0;3.54734e+07;3.87044e+07;4.91859e+06;7.90964e+07
E0;24;79.0000;Infinity;48.0000;workConserving;0.00540000;1.00000;84.7059;8760.00;1843.00;1899.00;267199;12.0000;5.00000;1.00068;143.167;123.000;10.5833;59.5000;0.00000;5.55481;11.8023;47.4530;28.1465;3963.74;28.4526;134.778;0.306043;0.427891;402781;1.50742;153.756;20303.4;4.10836e+07;4.56827e+07;4.24654e+06;9.10129e+07
E0;25;79.0000;Infinity;48.0000;workConserving;0.00540000;1.00000;84.7059;8760.00;1605.00;1627.00;231409;15.0000;9.00000;1.25086;103.733;110.000;7.33333;51.3333;0.00000;5.78759;16.5433;20.1978;24.9987;3547.30;25.2608;140.488;0.262122;0.368002;357184;1.54351;157.438;17461.7;3.64327e+07;3.92888e+07;3.80039e+06;7.95220e+07
E0;26;79.0000;Infinity;48.0000;workConserving;0.00540000;1.00000;84.7059;8760.00;1607.00;1615.00;226935;15.0000;8.00000;1.25086;102.667;111.000;7.73333;52.7333;0.00000;6.33540;12.0757;33.9116;27.2429;3814.25;27.5031;153.537;0.260166;0.392579;378731;1.66889;170.227;18627.9;3.86305e+07;4.19127e+07;4.08638e+06;8.46296e+07
E0;27;79.0000;Infinity;48.0000;workConserving;0.00540000;1.00000;84.7059;8760.00;2139.00;2139.00;300900;13.0000;4.00000;1.08408;164.538;138.000;11.0769;70.4615;0.00000;5.89235;10.7299;26.9354;34.5308;4853.76;34.8755;142.828;0.344722;0.443963;419175;1.39307;142.093;21066.1;4.27558e+07;4.73986e+07;5.20006e+06;9.53545e+07
E0;28;79.0000;Infinity;48.0000;workConserving;0.00540000;1.00000;84.7059;8760.00;1277.00;1277.00;181409;13.0000;4.00000;1.08408;103.750;98.0000;7.08333;64.7692;0.00000;9.43733;19.0554;38.9406;33.0177;4691.95;33.2235;227.908;0.205802;0.276402;272269;1.50086;153.088;13115.3;2.77715e+07;2.95094e+07;5.02670e+06;6.23075e+07
E0;29;79.0000;Infinity;48.0000;workConserving;0.00540000;1.00000;84.7059;8760.00;1943.00;2008.00;278545;12.0000;2.00000;1.00068;160.667;141.000;10.2500;75.3333;0.00000;6.88808;14.4459;37.8384;37.4065;5201.76;37.7301;166.726;0.323610;0.397104;375789;1.34911;137.610;18842.6;3.83305e+07;4.23958e+07;5.57288e+06;8.62992e+07
E0;30;79.0000;Infinity;48.0000;workConserving;0.00540000;1.00000;84.7059;8760.00;2085.00;2002.00;279725;14.0000;7.00000;1.16747;146.308;153.000;10.5385;60.7857;0.00000;5.43919;11.9740;28.3603;30.7378;4294.91;31.0606;131.943;0.322761;0.447163;424283;1.51679;154.712;21217.9;4.32769e+07;4.77402e+07;4.60134e+06;9.56184e+07
E1;1;45.0000;Infinity;48.0000;workConserving;0.00540000;1.00000;84.7059;8760.00;1742.00;1742.00;246672;15.0000;5.00000;1.25086;116.133;105.000;9.06667;37.5333;0.00000;3.52638;7.78634;34.9516;16.8300;2394.62;17.1107;86.0448;0.280741;0.418481;401440;1.62742;165.997;19856.9;4.09469e+07;4.46781e+07;2.56546e+06;8.81904e+07
E1;2;45.0000;Infinity;48.0000;workConserving;0.00540000;1.00000;84.7059;8760.00;1699.00;1704.00;240050;17.0000;1.00000;1.41764;99.5882;95.0000;7.23529;43.9412;0.00000;4.32221;8.61805;24.4790;20.1520;2833.34;20.4266;105.104;0.274606;0.398645;388655;1.61906;165.144;18915.7;3.96428e+07;4.25603e+07;3.03549e+06;8.52386e+07
E1;3;45.0000;Infinity;48.0000;workConserving;0.00540000;1.00000;84.7059;8760.00;1787.00;1773.00;251289;15.0000;3.00000;1.25086;119.429;93.0000;8.85714;42.2667;0.00000;4.20149;8.16108;29.8004;20.2285;2870.46;20.5143;102.245;0.285814;0.403521;388324;1.54533;157.623;19147.1;3.96090e+07;4.30809e+07;3.07526e+06;8.57652e+07
E1;4;45.0000;Infinity;48.0000;workConserving;0.00540000;1.00000;84.7059;8760.00;1501.00;1529.00;215193;14.0000;1.00000;1.16747;109.214;90.0000;8.35714;44.6429;0.00000;5.23795;15.1704;29.8448;21.4383;2979.45;21.6847;127.123;0.246414;0.367404;354356;1.64669;167.962;17433.3;3.61443e+07;3.92249e+07;3.19202e+06;7.85612e+07
E1;5;45.0000;Infinity;48.0000;workConserving;0.00540000;1.00000;84.7059;8760.00;1799.00;1778.00;251478;15.0000;1.00000;1.25086;118.533;115.000;8.66667;43.1333;0.00000;3.95798;6.73970;23.0500;19.5104;2751.43;19.7969;96.4033;0.286543;0.402907;387786;1.54202;157.286;19118.0;3.95542e+07;4.30154e+07;2.94774e+06;8.55173e+07
E1;6;45.0000;Infinity;48.0000;workConserving;0.00540000;1.00000;84.7059;8760.00;1683.00;1698.00;239226;15.0000;5.00000;1.25086;113.200;87.0000;8.46667;38.4000;0.00000;4.31180;8.99850;23.1116;19.8834;2810.55;20.1571;104.895;0.273650;0.390668;377055;1.57615;160.767;18537.2;3.84596e+07;4.17086e+07;3.01107e+06;8.31793e+07
E1;7;45.0000;Infinity;48.0000;workConserving;0.00540000;1.00000;84.7059;8760.00;2249.00;2284.00;323343;18.0000;2.00000;1.50103;126.889;97.0000;9.44444;41.0556;0.00000;3.25755;5.69083;22.9897;19.7567;2769.36;20.1248;79.5929;0.368090;0.527863;504247;1.55948;159.067;25047.1;5.14332e+07;5.63559e+07;2.96694e+06;1.10756e+08
E1;8;45.0000;Infinity;48.0000;workConserving;0.00540000;1.00000;84.7059;8760.00;1912.00;1964.00;277629;17.0000;7.00000;1.41764;109.118;96.0000;8.82353;37.2353;0.00000;3.02662;5.12559;23.7168;15.9201;2245.07;16.2365;74.0660;0.316388;0.487079;466188;1.67917;171.276;23111.9;4.75512e+07;5.20018e+07;2.40524e+06;1.01958e+08
E1;9;45.0000;Infinity;48.0000;workConserving;0.00540000;1.00000;84.7059;8760.00;1971.00;1952.00;274696;15.0000;3.00000;1.25086;134.929;117.000;9.35714;40.6667;0.00000;3.94651;8.09051;22.0409;21.2372;2984.72;21.5519;96.1384;0.314713;0.416234;399469;1.45423;148.331;19750.3;4.07459e+07;4.44381e+07;3.19766e+06;8.83817e+07
E1;10;45.0000;Infinity;48.0000;workConserving;0.00540000;1.00000;84.7059;8760.00;1845.00;1821.00;257358;16.0000;2.00000;1.33425;113.625;117.000;8.75000;42.5625;0.00000;3.98663;7.73619;35.2415;20.3654;2859.45;20.6588;97.0547;0.293464;0.448697;430234;1.67174;170.517;21290.7;4.38839e+07;4.79041e+07;3.06346e+06;9.48514e+07
E1;11;45.0000;Infinity;48.0000;workConserving;0.00540000;1.00000;84.7059;8760.00;1736.00;1712.00;241372;18.0000;7.00000;1.50103;95.1111;87.0000;7.38889;36.5556;0.00000;3.54434;4.67876;36.3841;17.2259;2410.29;17.5018;86.4759;0.275907;0.416874;406940;1.68595;171.967;19780.7;4.15079e+07;4.45065e+07;2.58225e+06;8.85967e+07
E1;12;45.0000;Infinity;48.0000;workConserving;0.00540000;1.00000;84.7059;8760.00;1673.00;1711.00;239011;16.0000;4.00000;1.33425;104.667;102.000;7.66667;40.6250;0.00000;4.03045;7.78484;20.6583;18.6295;2621.79;18.9052;98.1385;0.275729;0.393554;381889;1.59779;162.974;18674.2;3.89527e+07;4.20168e+07;2.80884e+06;8.37784e+07
E1;13;45.0000;Infinity;48.0000;workConserving;0.00540000;1.00000;84.7059;8760.00;1976.00;1976.00;276188;16.0000;3.00000;1.33425;121.267;120.000;9.26667;43.4375;0.00000;3.54736;6.98631;23.0802;19.2043;2669.79;19.5228;86.5484;0.318453;0.459523;439726;1.59213;162.397;21804.4;4.48520e+07;4.90598e+07;2.86027e+06;9.67721e+07
E1;14;45.0000;Infinity;48.0000;workConserving;0.00540000;1.00000;84.7059;8760.00;1909.00;1879.00;262647;15.0000;3.00000;1.25086;128.000;131.000;9.57143;41.1333;0.00000;4.18547;7.82179;54.5095;21.6358;3076.04;21.9387;101.864;0.302945;0.415753;399048;1.51934;154.972;19727.5;4.07029e+07;4.43869e+07;3.29550e+06;8.83853e+07
E1;15;45.0000;Infinity;48.0000;workConserving;0.00540000;1.00000;84.7059;8760.00;1748.00;1731.00;244324;16.0000;5.00000;1.33425;113.200;123.000;8.53333;37.1250;0.00000;3.87062;9.04292;36.7523;18.5447;2631.08;18.8238;94.2742;0.279096;0.401812;389128;1.59268;162.453;19066.0;3.96911e+07;4.28984e+07;2.81880e+06;8.54083e+07
E1;16;45.0000;Infinity;48.0000;workConserving;0.00540000;1.00000;84.7059;8760.00;1922.00;1928.00;270603;16.0000;5.00000;1.33425;120.500;96.0000;8.81250;38.0625;0.00000;3.45257;6.69669;21.8821;18.5612;2635.86;18.8719;84.2734;0.310717;0.432818;416312;1.53846;156.923;20537.2;4.24638e+07;4.62087e+07;2.82391e+06;9.14965e+07
E1;17;45.0000;Infinity;48.0000;workConserving;0.00540000;1.00000;84.7059;8760.00;1667.00;1684.00;237198;16.0000;3.00000;1.33425;105.250;82.0000;8.06250;40.7500;0.00000;4.35402;11.9682;25.5742;18.9360;2659.91;19.2074;105.908;0.271394;0.393139;381524;1.60847;164.064;18654.4;3.89155e+07;4.19725e+07;2.84969e+06;8.37377e+07
E1;18;45.0000;Infinity;48.0000;workConserving;0.00540000;1.00000;84.7059;8760.00;1724.00;1724.00;242465;17.0000;4.00000;1.41764;99.7500;98.0000;7.18750;39.8235;0.00000;3.79890;8.72008;25.4098;17.9433;2514.67;18.2212;92.5854;0.277840;0.397869;387975;1.60013;163.213;18878.9;3.95735e+07;4.24775e+07;2.69409e+06;8.47451e+07
E1;19;45.0000;Infinity;48.0000;workConserving;0.00540000;1.00000;84.7059;8760.00;1873.00;1896.00;262495;16.0000;3.00000;1.33425;118.500;103.000;8.81250;40.2500;0.00000;4.40502;9.68987;23.9249;22.5266;3126.74;22.8322;107.132;0.305560;0.436681;419699;1.59888;163.086;20720.5;4.28093e+07;4.66212e+07;3.34982e+06;9.27803e+07
E1;20;45.0000;Infinity;48.0000;workConserving;0.00540000;1.00000;84.7059;8760.00;1692.00;1685.00;236348;14.0000;4.00000;1.16747;124.692;117.000;10.0769;38.9286;0.00000;3.48813;7.64392;21.1346;16.1494;2253.89;16.4211;85.1430;0.271640;0.407725;389707;1.64887;168.184;19346.6;3.97501e+07;4.35298e+07;2.41470e+06;8.56946e+07
E1;21;45.0000;Infinity;48.0000;workConserving;0.00540000;1.00000;84.7059;8760.00;1747.00;1777.00;252393;16.0000;1.00000;1.33425;105.133;101.000;8.06667;43.8125;0.00000;4.31583;10.5293;21.1226;20.8595;2950.65;21.1459;104.967;0.286352;0.417547;402924;1.59642;162.834;19812.6;4.10983e+07;4.45784e+07;3.16117e+06;8.88379e+07
E1;22;45.0000;Infinity;48.0000;workConserving;0.00540000;1.00000;84.7059;8760.00;1617.00;1608.00;224543;15.0000;5.00000;1.25086;106.929;84.0000;8.00000;40.3333;0.00000;4.75173;13.1453;28.5973;20.8920;2950.76;21.1512;115.517;0.259164;0.386223;373158;1.66185;169.509;18326.3;3.80621e+07;4.12341e+07;3.16128e+06;8.24575e+07
E1;23;45.0000;Infinity;48.0000;workConserving;0.00540000;1.00000;84.7059;8760.00;1748.00;1754.00;246211;17.0000;4.00000;1.41764;106.250;94.0000;7.50000;40.2353;0.00000;4.41732;9.91705;19.9591;21.0696;2961.36;21.3523;107.445;0.282762;0.392222;383024;1.55567;158.679;18610.9;3.90684e+07;4.18746e+07;3.17265e+06;8.41157e+07
E1;24;45.0000;Infinity;48.0000;workConserving;0.00540000;1.00000;84.7059;8760.00;1843.00;1810.00;254624;16.0000;3.00000;1.33425;113.125;111.000;8.56250;40.5625;0.00000;3.40300;6.93449;43.5440;17.2965;2435.76;17.5882;83.0838;0.291700;0.430987;414707;1.62870;166.128;20450.3;4.23001e+07;4.60133e+07;2.60955e+06;9.09229e+07
E1;25;45.0000;Infinity;48.0000;workConserving;0.00540000;1.00000;84.7059;8760.00;1605.00;1583.00;225495;16.0000;7.00000;1.33425;98.9375;108.000;7.00000;35.4375;0.00000;4.45710;9.24435;28.5010;20.6092;2932.31;20.8644;108.382;0.255117;0.358219;350909;1.55617;158.730;16997.5;3.57927e+07;3.82443e+07;3.14152e+06;7.71785e+07
E1;26;45.0000;Infinity;48.0000;workConserving;0.00540000;1.00000;84.7059;8760.00;1607.00;1567.00;220922;20.0000;8.00000;1.66781;81.7368;84.0000;6.10526;35.7500;0.00000;3.67696;8.25233;21.7842;16.1435;2287.77;16.3962;89.6442;0.252680;0.388762;386900;1.75129;178.632;18446.8;3.94638e+07;4.15052e+07;2.45100e+06;8.34200e+07
E1;27;45.0000;Infinity;48.0000;workConserving;0.00540000;1.00000;84.7059;8760.00;2139.00;2139.00;300900;19.0000;3.00000;1.58442;112.579;95.0000;8.26316;40.4737;0.00000;3.17800;4.79395;19.9720;18.6239;2619.84;18.9687;77.6837;0.344722;0.489889;473258;1.57280;160.426;23245.2;4.82723e+07;5.23018e+07;2.80676e+06;1.03381e+08
E1;28;45.0000;Infinity;48.0000;workConserving;0.00540000;1.00000;84.7059;8760.00;1277.00;1277.00;181409;15.0000;3.00000;1.25086;88.9286;84.0000;6.42857;41.0667;0.00000;4.79261;9.61860;31.6753;16.7676;2362.17;16.9734;116.434;0.205802;0.300668;298150;1.64352;167.640;14266.7;3.04113e+07;3.21001e+07;2.53070e+06;6.50420e+07
E1;29;45.0000;Infinity;48.0000;workConserving;0.00540000;1.00000;84.7059;8760.00;1943.00;1990.00;275966;17.0000;2.00000;1.41764;113.412;116.000;8.41176;43.9412;0.00000;3.37732;4.74444;30.1676;18.1502;2519.01;18.4708;82.4760;0.320587;0.456422;439310;1.59190;162.374;21657.2;4.48096e+07;4.87288e+07;2.69873e+06;9.62371e+07
E1;30;45.0000;Infinity;48.0000;workConserving;0.00540000;1.00000;84.7059;8760.00;2085.00;2079.00;290600;17.0000;5.00000;1.41764;120.563;88.0000;9.12500;40.0000;0.00000;3.67294;8.82423;19.0097;20.9598;2890.08;21.2948;89.5786;0.335095;0.470078;451283;1.55293;158.399;22305.2;4.60308e+07;5.01867e+07;3.09628e+06;9.93138e+07
E2;1;79.0000;15.0000;48.0000;workConserving;0.00540000;1.00000;84.7059;8760.00;1742.00;1721.00;243874;16.0000;6.00000;1.33425;108.133;105.000;8.53333;43.0000;0.00000;3.89827;9.67496;16.6188;18.6038;2629.87;18.8811;95.0456;0.277347;0.417783;403131;1.65303;168.609;19823.8;4.11193e+07;4.46035e+07;2.81751e+06;8.85404e+07
E2;2;79.0000;15.0000;48.0000;workConserving;0.00540000;1.00000;84.7059;8760.00;1699.00;1699.00;239292;14.0000;3.00000;1.16747;121.357;123.000;8.57143;64.4286;0.00000;6.02163;11.0755;16.7932;28.0295;3931.79;28.3033;145.931;0.273811;0.373225;359460;1.50218;153.222;17709.5;3.66649e+07;3.98464e+07;4.21231e+06;8.07236e+07
E2;3;79.0000;15.0000;48.0000;workConserving;0.00540000;1.00000;84.7059;8760.00;1787.00;1750.00;247880;13.0000;3.00000;1.08408;139.333;112.000;10.4167;57.1538;0.00000;4.75866;10.4646;17.9907;22.9447;3262.56;23.2267;115.609;0.282038;0.399463;380161;1.53365;156.432;18954.5;3.87764e+07;4.26477e+07;3.49533e+06;8.49194e+07
E2;4;79.0000;15.0000;48.0000;workConserving;0.00540000;1.00000;84.7059;8760.00;1501.00;1476.00;207766;12.0000;1.00000;1.00068;123.000;124.000;8.91667;58.2500;0.00000;6.65484;14.8565;17.3039;27.8451;3900.82;28.0830;161.128;0.237873;0.324721;312329;1.50327;153.334;15408.0;3.18575e+07;3.46680e+07;4.17913e+06;7.07047e+07
E2;5;79.0000;15.0000;48.0000;workConserving;0.00540000;1.00000;84.7059;8760.00;1799.00;1856.00;262452;14.0000;3.00000;1.16747;126.071;111.000;8.71429;69.6429;0.00000;6.01016;9.85815;16.5000;30.0537;4251.76;30.3528;145.701;0.299071;0.402956;385526;1.46894;149.832;19120.3;3.93236e+07;4.30206e+07;4.55510e+06;8.68993e+07
E2;6;79.0000;15.0000;48.0000;workConserving;0.00540000;1.00000;84.7059;8760.00;1683.00;1703.00;240001;17.0000;5.00000;1.41764;100.176;81.0000;7.00000;49.8235;0.00000;5.97617;12.0851;16.7173;27.6206;3859.83;27.8951;144.840;0.274456;0.373771;366847;1.52852;155.909;17735.4;3.74184e+07;3.99047e+07;4.13521e+06;8.14583e+07
E2;7;79.0000;15.0000;48.0000;workConserving;0.00540000;1.00000;84.7059;8760.00;2249.00;2261.00;320133;13.0000;4.00000;1.08408;170.846;159.000;11.6923;66.5385;0.00000;5.23850;11.0844;16.6563;32.3269;4570.72;32.6912;127.136;0.364236;0.480864;451527;1.41044;143.864;22817.0;4.60558e+07;5.13383e+07;4.89683e+06;1.02291e+08
E2;8;79.0000;15.0000;48.0000;workConserving;0.00540000;1.00000;84.7059;8760.00;1912.00;1953.00;276116;15.0000;5.00000;1.25086;123.667;120.000;10.0000;53.8667;0.00000;4.53409;10.5850;16.9199;24.0021;3403.03;24.3167;110.215;0.314596;0.476645;452434;1.63857;167.134;22616.8;4.61482e+07;5.08878e+07;3.64582e+06;1.00682e+08
E2;9;79.0000;15.0000;48.0000;workConserving;0.00540000;1.00000;84.7059;8760.00;1971.00;2030.00;285918;15.0000;3.00000;1.25086;140.500;120.000;10.0000;50.6667;0.00000;5.06008;14.1130;16.9917;26.2248;3682.34;26.5520;122.877;0.327284;0.431005;412420;1.44244;147.129;20451.2;4.20668e+07;4.60152e+07;3.94506e+06;9.20271e+07
E2;10;79.0000;15.0000;48.0000;workConserving;0.00540000;1.00000;84.7059;8760.00;1845.00;1922.00;271524;14.0000;4.00000;1.16747;131.786;120.000;9.07143;64.5714;0.00000;6.23825;11.7319;16.7203;32.0525;4541.27;32.3621;151.157;0.309656;0.408945;390776;1.43919;146.798;19404.4;3.98592e+07;4.36600e+07;4.86527e+06;8.83845e+07
E2;11;79.0000;15.0000;48.0000;workConserving;0.00540000;1.00000;84.7059;8760.00;1736.00;1709.00;240829;16.0000;5.00000;1.33425;106.813;105.000;7.93750;52.2500;0.00000;5.27769;11.1599;16.9683;25.4626;3579.73;25.7380;128.076;0.275423;0.393441;381790;1.58531;161.702;18668.8;3.89425e+07;4.20048e+07;3.83513e+06;8.47824e+07
E2;12;79.0000;15.0000;48.0000;workConserving;0.00540000;1.00000;84.7059;8760.00;1673.00;1661.00;231793;15.0000;4.00000;1.25086;106.714;102.000;7.85714;53.4000;0.00000;5.78122;14.4181;16.8225;26.9912;3767.80;27.2589;140.034;0.267699;0.376905;364989;1.57463;160.613;17884.1;3.72289e+07;4.02393e+07;4.03662e+06;8.15048e+07
E2;13;79.0000;15.0000;48.0000;workConserving;0.00540000;1.00000;84.7059;8760.00;1976.00;1981.00;276920;14.0000;2.00000;1.16747;135.692;130.000;9.61538;66.6429;0.00000;5.14809;10.4926;16.7646;27.9139;3910.29;28.2330;124.919;0.319108;0.434114;412843;1.49084;152.065;20598.7;4.21100e+07;4.63471e+07;4.18928e+06;9.26463e+07
E2;14;79.0000;15.0000;48.0000;workConserving;0.00540000;1.00000;84.7059;8760.00;1909.00;1838.00;256666;14.0000;3.00000;1.16747;137.385;120.000;10.1538;59.8571;0.00000;5.83520;13.8338;16.8403;30.1709;4190.07;30.4672;141.452;0.296278;0.404633;386996;1.50778;153.794;19199.8;3.94736e+07;4.31996e+07;4.48901e+06;8.71622e+07
E2;15;79.0000;15.0000;48.0000;workConserving;0.00540000;1.00000;84.7059;8760.00;1748.00;1714.00;241961;15.0000;5.00000;1.25086;122.286;113.000;9.21429;51.6667;0.00000;5.17247;10.9157;16.9084;24.9170;3532.12;25.1933;125.393;0.276252;0.400270;385474;1.59312;162.498;18992.8;3.93183e+07;4.27338e+07;3.78412e+06;8.58362e+07
E2;16;79.0000;15.0000;48.0000;workConserving;0.00540000;1.00000;84.7059;8760.00;1922.00;1908.00;268028;14.0000;4.00000;1.16747;132.357;118.000;9.64286;55.0714;0.00000;4.66765;12.2475;16.8330;24.8021;3526.17;25.1096;113.435;0.307494;0.428112;407581;1.52066;155.108;20313.9;4.15732e+07;4.57063e+07;3.77775e+06;9.10573e+07
E2;17;79.0000;15.0000;48.0000;workConserving;0.00540000;1.00000;84.7059;8760.00;1667.00;1657.00;233181;14.0000;2.00000;1.16747;118.357;110.000;8.64286;58.6429;0.00000;5.76172;12.8926;16.8698;26.2226;3703.86;26.4896;139.693;0.267043;0.374539;360612;1.54649;157.742;17771.9;3.67824e+07;3.99868e+07;3.96812e+06;8.07373e+07
E2;18;79.0000;15.0000;48.0000;workConserving;0.00540000;1.00000;84.7059;8760.00;1724.00;1657.00;232797;15.0000;6.00000;1.25086;115.929;105.000;8.57143;60.4667;0.00000;6.37881;14.9542;16.7716;29.6877;4166.11;29.9548;154.508;0.267141;0.372464;361095;1.55112;158.214;17673.4;3.68317e+07;3.97652e+07;4.46334e+06;8.10602e+07
E2;19;79.0000;15.0000;48.0000;workConserving;0.00540000;1.00000;84.7059;8760.00;1873.00;1896.00;262495;16.0000;2.00000;1.33425;118.500;112.000;8.75000;59.6250;0.00000;6.03064;10.2766;16.9900;30.9709;4294.45;31.2765;146.147;0.305560;0.428307;412358;1.57091;160.233;20323.2;4.20605e+07;4.57271e+07;4.60084e+06;9.23884e+07
E2;20;79.0000;15.0000;48.0000;workConserving;0.00540000;1.00000;84.7059;8760.00;1692.00;1697.00;238235;13.0000;4.00000;1.08408;135.083;140.000;10.2500;50.7692;0.00000;5.10536;12.1561;17.0748;23.6348;3335.47;23.9084;124.045;0.273585;0.390017;371879;1.56098;159.220;18506.3;3.79317e+07;4.16392e+07;3.57344e+06;8.31443e+07
E2;21;79.0000;15.0000;48.0000;workConserving;0.00540000;1.00000;84.7059;8760.00;1747.00;1772.00;251656;16.0000;2.00000;1.33425;105.133;110.000;7.73333;66.5625;0.00000;5.68307;11.0079;16.9881;27.4764;3877.72;27.7620;137.802;0.285599;0.402152;389427;1.54746;157.841;19082.1;3.97215e+07;4.29347e+07;4.15438e+06;8.68107e+07
E2;22;79.0000;15.0000;48.0000;workConserving;0.00540000;1.00000;84.7059;8760.00;1617.00;1553.00;216244;15.0000;4.00000;1.25086;103.533;103.000;7.60000;42.6000;0.00000;5.42744;11.3946;16.8712;23.9757;3372.95;24.2259;131.670;0.250282;0.362178;352078;1.62815;166.072;17185.4;3.59119e+07;3.86671e+07;3.61360e+06;7.81926e+07
E2;23;79.0000;15.0000;48.0000;workConserving;0.00540000;1.00000;84.7059;8760.00;1748.00;1754.00;246211;15.0000;4.00000;1.25086;121.429;98.0000;8.78571;51.4667;0.00000;5.70218;15.9752;17.1785;27.2474;3843.31;27.5302;138.299;0.282762;0.383240;370543;1.50498;153.508;18184.7;3.77954e+07;4.09157e+07;4.11752e+06;8.28286e+07
E2;24;79.0000;15.0000;48.0000;workConserving;0.00540000;1.00000;84.7059;8760.00;1843.00;1899.00;267199;14.0000;5.00000;1.16747;122.714;123.000;9.28571;60.7857;0.00000;5.38437;10.2842;16.9312;27.2603;3853.63;27.5663;130.690;0.306043;0.438888;417029;1.56074;159.195;20825.2;4.25369e+07;4.68568e+07;4.12857e+06;9.35223e+07
E2;25;79.0000;15.0000;48.0000;workConserving;0.00540000;1.00000;84.7059;8760.00;1605.00;1637.00;233284;16.0000;7.00000;1.33425;103.733;108.000;7.20000;46.8750;0.00000;5.97713;14.4643;16.6285;26.1087;3703.74;26.3724;145.011;0.263725;0.374121;364851;1.56398;159.526;17752.0;3.72148e+07;3.99421e+07;3.96799e+06;8.11249e+07
E2;26;79.0000;15.0000;48.0000;workConserving;0.00540000;1.00000;84.7059;8760.00;1607.00;1627.00;228386;17.0000;7.00000;1.41764;95.7059;94.0000;7.41176;51.3529;0.00000;5.85229;11.2022;17.1937;24.8179;3486.43;25.0801;141.867;0.262208;0.393573;384208;1.68228;171.592;18675.0;3.91893e+07;4.20189e+07;3.73517e+06;8.49433e+07
E2;27;79.0000;15.0000;48.0000;workConserving;0.00540000;1.00000;84.7059;8760.00;2139.00;2139.00;300900;15.0000;5.00000;1.25086;142.600;115.000;9.93333;62.4667;0.00000;5.17880;10.6968;16.6985;30.3492;4272.16;30.6939;125.703;0.344722;0.456285;434584;1.44428;147.316;21650.7;4.43275e+07;4.87141e+07;4.57696e+06;9.76186e+07
E2;28;79.0000;15.0000;48.0000;workConserving;0.00540000;1.00000;84.7059;8760.00;1277.00;1277.00;181409;15.0000;4.00000;1.25086;88.9286;84.0000;6.64286;48.9333;0.00000;6.69293;15.4613;16.7029;23.4161;3322.39;23.6219;162.042;0.205802;0.298627;296361;1.63366;166.634;14169.9;3.02288e+07;3.18822e+07;3.55943e+06;6.56704e+07
E2;29;79.0000;15.0000;48.0000;workConserving;0.00540000;1.00000;84.7059;8760.00;1943.00;2008.00;278545;13.0000;2.00000;1.08408;148.308;141.000;9.92308;68.0769;0.00000;6.18813;14.0013;16.5654;33.5558;4672.84;33.8794;149.927;0.323610;0.413854;392777;1.41010;143.830;19637.4;4.00633e+07;4.41841e+07;5.00623e+06;8.92536e+07
E2;30;79.0000;15.0000;48.0000;workConserving;0.00540000;1.00000;84.7059;8760.00;2085.00;2002.00;279725;15.0000;7.00000;1.25086;135.857;135.000;10.2143;56.9333;0.00000;5.08874;11.0394;16.8914;28.8146;4018.31;29.1374;123.528;0.322761;0.465743;442876;1.58325;161.492;22099.5;4.51734e+07;4.97239e+07;4.30500e+06;9.92023e+07
E3;1;79.0000;Infinity;0.00000;workConserving;0.00540000;1.00000;84.7059;8760.00;1742.00;1741.00;246550;15.0000;9.00000;1.25086;116.067;102.000;7.60000;53.5333;0.00000;6.89959;18.6515;35.4623;31.9625;4554.33;32.2431;167.002;0.280580;0.280580;280538;1.13785;116.061;13313.5;2.86149e+07;2.99554e+07;4.87926e+06;6.34496e+07
E3;2;79.0000;Infinity;0.00000;workConserving;0.00540000;1.00000;84.7059;8760.00;1699.00;1767.00;249215;13.0000;3.00000;1.08408;130.231;138.000;8.69231;74.0769;0.00000;8.81734;18.5017;37.7512;42.0460;5915.06;42.3307;212.984;0.284730;0.284730;279571;1.12181;114.424;13510.5;2.85162e+07;3.03985e+07;6.33708e+06;6.52518e+07
E3;3;79.0000;Infinity;0.00000;workConserving;0.00540000;1.00000;84.7059;8760.00;1787.00;1750.00;247880;13.0000;5.00000;1.08408;139.333;108.000;9.00000;65.0769;0.00000;6.91659;12.4440;35.9790;33.2969;4724.87;33.5789;167.429;0.282038;0.282038;277211;1.11833;114.069;13382.7;2.82755e+07;3.01111e+07;5.06197e+06;6.34486e+07
E3;4;79.0000;Infinity;0.00000;workConserving;0.00540000;1.00000;84.7059;8760.00;1501.00;1492.00;209908;10.0000;1.00000;0.833904;149.200;143.000;10.1000;77.4000;0.00000;10.0437;24.8901;36.6753;41.5544;5823.85;41.7948;242.461;0.240451;0.240451;233841;1.11402;113.630;11409.4;2.38518e+07;2.56712e+07;6.23936e+06;5.57623e+07
E3;5;79.0000;Infinity;0.00000;workConserving;0.00540000;1.00000;84.7059;8760.00;1799.00;1856.00;262452;14.0000;4.00000;1.16747;126.071;112.000;8.21429;69.9286;0.00000;6.65277;11.0641;31.7519;33.3196;4709.60;33.6187;161.115;0.299071;0.299071;294447;1.12191;114.435;14190.9;3.00336e+07;3.19296e+07;5.04561e+06;6.70088e+07
E3;6;79.0000;Infinity;0.00000;workConserving;0.00540000;1.00000;84.7059;8760.00;1683.00;1701.00;239550;14.0000;6.00000;1.16747;121.500;100.000;8.35714;56.4286;0.00000;7.44646;15.9548;47.3827;34.4586;4840.89;34.7328;180.127;0.274134;0.274134;272583;1.13790;116.065;13007.6;2.78035e+07;2.92672e+07;5.18627e+06;6.22570e+07
E3;7;79.0000;Infinity;0.00000;workConserving;0.00540000;1.00000;84.7059;8760.00;2249.00;2293.00;324522;15.0000;4.00000;1.25086;152.867;158.000;9.86667;71.0667;0.00000;6.73326;11.6063;24.8223;41.0018;5792.80;41.3713;163.010;0.369541;0.369541;358532;1.10480;112.690;17534.7;3.65703e+07;3.94531e+07;6.20609e+06;8.22295e+07
E3;8;79.0000;Infinity;0.00000;workConserving;0.00540000;1.00000;84.7059;8760.00;1912.00;1990.00;281074;17.0000;9.00000;1.41764;112.375;92.0000;7.62500;56.4118;0.00000;5.93670;11.4116;32.7429;31.6235;4501.94;31.9443;143.953;0.320824;0.320824;320427;1.14001;116.281;15223.1;3.26836e+07;3.42520e+07;4.82314e+06;7.17587e+07
E3;9;79.0000;Infinity;0.00000;workConserving;0.00540000;1.00000;84.7059;8760.00;1971.00;2030.00;285918;14.0000;3.00000;1.16747;151.308;152.000;10.0000;66.7143;0.00000;6.41275;14.4300;24.0205;33.7515;4751.09;34.0788;155.357;0.327284;0.327284;319182;1.11634;113.867;15529.6;3.25565e+07;3.49417e+07;5.09007e+06;7.25883e+07
E3;10;79.0000;Infinity;0.00000;workConserving;0.00540000;1.00000;84.7059;8760.00;1845.00;1916.00;270740;14.0000;4.00000;1.16747;131.357;130.000;8.50000;68.4286;0.00000;7.29446;15.4638;39.8948;37.5477;5292.72;37.8564;176.493;0.308689;0.308689;302879;1.11871;114.108;14647.3;3.08936e+07;3.29564e+07;5.67033e+06;6.95204e+07
E3;11;79.0000;Infinity;0.00000;workConserving;0.00540000;1.00000;84.7059;8760.00;1736.00;1687.00;237758;15.0000;5.00000;1.25086;112.467;102.000;7.53333;67.9333;0.00000;7.39451;11.6730;36.3841;35.9156;5049.14;36.1874;178.880;0.271878;0.271878;272908;1.14784;117.080;12900.6;2.78366e+07;2.90263e+07;5.40937e+06;6.22723e+07
E3;12;79.0000;Infinity;0.00000;workConserving;0.00540000;1.00000;84.7059;8760.00;1673.00;1651.00;230635;12.0000;5.00000;1.00068;136.273;152.000;9.09091;70.0000;0.00000;7.66690;16.8295;31.9430;35.9717;5065.96;36.2379;185.216;0.266144;0.266144;260973;1.13154;115.417;12628.5;2.66192e+07;2.84142e+07;5.42740e+06;6.04608e+07
E3;13;79.0000;Infinity;0.00000;workConserving;0.00540000;1.00000;84.7059;8760.00;1976.00;1944.00;271692;15.0000;3.00000;1.25086;127.643;120.000;8.57143;67.5333;0.00000;7.33362;14.6132;29.9511;39.8979;5566.84;40.2112;177.327;0.313255;0.313255;309185;1.13800;116.076;14864.0;3.15369e+07;3.34439e+07;5.96402e+06;7.09449e+07
E3;14;79.0000;Infinity;0.00000;workConserving;0.00540000;1.00000;84.7059;8760.00;1909.00;1869.00;261334;15.0000;5.00000;1.25086;128.357;113.000;8.50000;62.4000;0.00000;8.70627;16.0637;64.7720;43.8366;6190.23;44.1378;210.393;0.301229;0.301229;298642;1.14276;116.561;14293.3;3.04614e+07;3.21600e+07;6.63188e+06;6.92533e+07
E3;15;79.0000;Infinity;0.00000;workConserving;0.00540000;1.00000;84.7059;8760.00;1748.00;1720.00;242819;15.0000;6.00000;1.25086;114.667;107.000;7.66667;60.0000;0.00000;8.35343;15.9428;36.5726;39.7542;5584.51;40.0314;201.894;0.277196;0.277196;277571;1.14312;116.598;13152.9;2.83122e+07;2.95941e+07;5.98294e+06;6.38893e+07
E3;16;79.0000;Infinity;0.00000;workConserving;0.00540000;1.00000;84.7059;8760.00;1922.00;1928.00;270603;17.0000;7.00000;1.41764;113.412;113.000;7.76471;59.1176;0.00000;6.47322;13.7756;22.5192;34.5169;4882.13;34.8276;156.769;0.310717;0.310717;311566;1.15138;117.441;14743.5;3.17797e+07;3.31729e+07;5.23046e+06;7.01831e+07
E3;17;79.0000;Infinity;0.00000;workConserving;0.00540000;1.00000;84.7059;8760.00;1667.00;1681.00;237270;11.0000;1.00000;0.917295;152.818;152.000;9.90909;78.3636;0.00000;9.22571;21.7551;35.5899;39.5181;5532.72;39.7890;222.829;0.270911;0.270911;262848;1.10780;112.996;12854.7;2.68105e+07;2.89231e+07;5.92746e+06;6.16611e+07
E3;18;79.0000;Infinity;0.00000;workConserving;0.00540000;1.00000;84.7059;8760.00;1724.00;1657.00;232797;15.0000;6.00000;1.25086;115.929;100.000;7.85714;64.8000;0.00000;7.49803;14.9155;31.0689;34.7717;4885.48;35.0389;181.385;0.267141;0.267141;268756;1.15447;117.755;12675.8;2.74131e+07;2.85206e+07;5.23405e+06;6.11677e+07
E3;19;79.0000;Infinity;0.00000;workConserving;0.00540000;1.00000;84.7059;8760.00;1873.00;1881.00;260550;16.0000;5.00000;1.33425;117.563;106.000;7.81250;69.4375;0.00000;7.22262;12.9261;29.8277;37.1298;5143.61;37.4329;174.755;0.303143;0.303143;302622;1.16148;118.471;14384.1;3.08675e+07;3.23643e+07;5.51058e+06;6.87423e+07
E3;20;79.0000;Infinity;0.00000;workConserving;0.00540000;1.00000;84.7059;8760.00;1692.00;1732.00;242758;12.0000;2.00000;1.00068;147.364;140.000;9.63636;68.2500;0.00000;9.35373;22.8376;36.3186;43.4452;6130.28;43.7244;226.026;0.279179;0.279179;272400;1.12211;114.455;13247.0;2.77848e+07;2.98058e+07;6.56765e+06;6.41583e+07
E3;21;79.0000;Infinity;0.00000;workConserving;0.00540000;1.00000;84.7059;8760.00;1747.00;1776.00;252288;15.0000;1.00000;1.25086;114.214;114.000;7.64286;78.8000;0.00000;7.04517;13.4285;29.6415;34.1387;4839.05;34.4249;170.494;0.286244;0.286244;285504;1.13166;115.429;13582.3;2.91214e+07;3.05601e+07;5.18430e+06;6.48658e+07
E3;22;79.0000;Infinity;0.00000;workConserving;0.00540000;1.00000;84.7059;8760.00;1617.00;1558.00;217062;14.0000;7.00000;1.16747;111.286;84.0000;7.57143;55.1429;0.00000;7.82534;21.3049;44.3317;34.2675;4805.95;34.5186;189.220;0.251088;0.251088;252378;1.16270;118.595;11914.1;2.57426e+07;2.68068e+07;5.14884e+06;5.76982e+07
E3;23;79.0000;Infinity;0.00000;workConserving;0.00540000;1.00000;84.7059;8760.00;1748.00;1711.00;240076;13.0000;4.00000;1.08408;138.083;121.000;8.83333;70.4615;0.00000;8.37970;18.2508;43.9737;39.7295;5577.75;40.0054;202.484;0.275832;0.275832;271769;1.13201;115.465;13088.2;2.77204e+07;2.94485e+07;5.97570e+06;6.31446e+07
E3;24;79.0000;Infinity;0.00000;workConserving;0.00540000;1.00000;84.7059;8760.00;1843.00;1901.00;267467;15.0000;6.00000;1.25086;119.267;126.000;7.86667;61.6000;0.00000;6.47521;11.0695;43.7729;32.9156;4639.99;33.2218;156.856;0.306221;0.306221;303018;1.13292;115.558;14530.2;3.09078e+07;3.26929e+07;4.97103e+06;6.85718e+07
E3;25;79.0000;Infinity;0.00000;workConserving;0.00540000;1.00000;84.7059;8760.00;1605.00;1583.00;225495;15.0000;8.00000;1.25086;105.533;108.000;7.20000;53.7333;0.00000;6.97020;16.5433;30.3727;31.5085;4453.24;31.7636;168.697;0.255117;0.255117;258214;1.14510;116.800;12105.3;2.63378e+07;2.72369e+07;4.77096e+06;5.83457e+07
E3;26;79.0000;Infinity;0.00000;workConserving;0.00540000;1.00000;84.7059;8760.00;1607.00;1607.00;225769;16.0000;8.00000;1.33425;97.0625;94.0000;6.50000;57.0625;0.00000;7.78287;15.9162;33.9116;33.6785;4745.11;33.9374;188.255;0.258876;0.258876;263813;1.16851;119.188;12283.7;2.69089e+07;2.76383e+07;5.08366e+06;5.96308e+07
E3;27;79.0000;Infinity;0.00000;workConserving;0.00540000;1.00000;84.7059;8760.00;2139.00;2106.00;296321;13.0000;3.00000;1.08408;162.000;168.000;10.3846;72.9231;0.00000;7.20012;15.3419;29.5252;41.9549;5875.22;42.2943;174.215;0.339404;0.339404;327504;1.10524;112.734;16104.7;3.34055e+07;3.62356e+07;6.29439e+06;7.59354e+07
E3;28;79.0000;Infinity;0.00000;workConserving;0.00540000;1.00000;84.7059;8760.00;1277.00;1310.00;185934;13.0000;3.00000;1.08408;100.769;116.000;6.92308;66.6154;0.00000;10.6752;28.2766;45.6977;37.3483;5287.45;37.5594;257.616;0.211120;0.211120;215034;1.15651;117.964;10017.6;2.19335e+07;2.25397e+07;5.66469e+06;5.01379e+07
E3;29;79.0000;Infinity;0.00000;workConserving;0.00540000;1.00000;84.7059;8760.00;1943.00;2011.00;279041;12.0000;2.00000;1.00068;160.667;141.000;10.2500;75.3333;0.00000;6.93008;14.4938;37.8384;37.6264;5230.23;37.9505;167.734;0.324093;0.324093;311778;1.11732;113.967;15378.2;3.18014e+07;3.46010e+07;5.60339e+06;7.20058e+07
E3;30;79.0000;Infinity;0.00000;workConserving;0.00540000;1.00000;84.7059;8760.00;2085.00;1999.00;279235;18.0000;9.00000;1.50103;113.471;115.000;7.58824;58.5556;0.00000;7.11777;14.0341;28.3603;39.9428;5619.71;40.2651;172.247;0.322290;0.322290;324015;1.16037;118.357;15292.7;3.30496e+07;3.44085e+07;6.02066e+06;7.34787e+07
