CSV_PEATONAL;E0;20260923;18416;0;18204;18416;16.891518;37.500000;0.165020;34.392467;281;128.180786;0.260326;0.062144;4360;24.401353;45.000000
CSV_PEATONAL;E1;20260923;18416;0;18206;18416;11.608075;25.500000;0.069776;23.660267;213;96.380786;0.236754;0.058839;4360;16.152523;33.000000
CSV_PEATONAL;E0;20260924;18401;0;18192;18401;16.601636;37.800000;0.165534;33.802833;271;116.480786;0.260758;0.060292;4337;24.416140;46.800000
CSV_PEATONAL;E1;20260924;18401;0;18186;18401;11.576436;25.500000;0.067551;23.525200;214;128.180786;0.237041;0.059502;4337;16.088148;32.100000
CSV_PEATONAL;E0;20260925;18331;0;18120;18331;17.024783;39.300000;0.178059;34.532033;278;105.080786;0.259951;0.060038;4368;26.185920;49.800000
CSV_PEATONAL;E1;20260925;18331;0;18119;18331;11.714107;26.400000;0.076428;23.695900;220;125.180786;0.236362;0.057390;4368;17.004670;36.300000
CSV_PEATONAL_INCOMPLETO;E0;20260926;8676;0;0;8482;13.373340;32.100000;0.116960;26.685394;214;NaN;0.122379;0.029278;0;0.000000;0.000000;inyectados=8676;t=4389.300000001201
CSV_PEATONAL;E0;20260923;18416;0;18206;18416;16.724365;37.500000;0.166974;34.058300;273;113.480786;0.260327;0.060734;4360;24.083119;46.200000
CSV_PEATONAL;E1;20260923;18416;0;18201;18416;11.465421;25.800000;0.071840;23.345300;206;102.380786;0.236716;0.058758;4360;15.943073;32.400000
CSV_PEATONAL;E0;20260924;18401;0;18190;18401;16.608385;37.500000;0.169502;33.760367;269;142.280786;0.260698;0.060444;4337;24.030021;46.200000
CSV_PEATONAL;E1;20260924;18401;0;18193;18401;11.684854;26.100000;0.074561;23.775300;218;118.580786;0.237108;0.059344;4337;16.022781;33.600000
CSV_PEATONAL;E0;20260925;18331;0;18125;18331;16.894332;38.400000;0.170749;34.252633;281;137.180786;0.260027;0.059575;4368;26.041140;48.300000
CSV_PEATONAL;E1;20260925;18331;0;18124;18331;11.688642;26.400000;0.076264;23.666733;217;113.480786;0.236362;0.058092;4368;17.529670;35.400000
CSV_PEATONAL;E0;20260926;18384;0;18171;18384;16.666939;38.400000;0.173194;33.886033;287;119.180786;0.260595;0.060676;4389;25.777307;49.500000
CSV_PEATONAL;E1;20260926;18384;0;18175;18384;11.491237;25.800000;0.070496;23.340833;217;118.280786;0.236967;0.058393;4389;16.620232;33.900000
CSV_PEATONAL;E0;20260927;18542;0;18329;18542;16.709476;38.100000;0.172042;34.283900;265;135.680786;0.262487;0.061085;4393;23.695629;47.100000
CSV_PEATONAL;E1;20260927;18542;0;18331;18542;11.641204;27.000000;0.078255;23.881100;203;110.480786;0.238693;0.060419;4393;16.283861;34.200000
CSV_PEATONAL;E0;20260928;18358;0;18136;18358;16.819643;38.100000;0.170988;34.121867;285;146.480786;0.259433;0.058807;4392;24.871995;48.600000
CSV_PEATONAL;E1;20260928;18358;0;18137;18358;11.817366;26.400000;0.076969;23.953500;227;120.680786;0.235916;0.057988;4392;17.216598;36.000000
CSV_PEATONAL;E0;20260929;18432;0;18224;18432;16.832861;38.100000;0.172146;34.328433;265;120.080786;0.260790;0.061447;4358;24.163217;47.100000
CSV_PEATONAL;E1;20260929;18432;0;18215;18432;11.640648;26.700000;0.077854;23.709748;212;118.580786;0.237051;0.059681;4358;16.007626;33.300000
CSV_PEATONAL;E0;20260930;18404;0;18200;18404;17.087122;39.000000;0.177027;34.805633;272;119.180786;0.260217;0.059528;4399;24.670721;48.300000
CSV_PEATONAL;E1;20260930;18404;0;18200;18404;11.901396;27.000000;0.081232;24.222300;211;104.480786;0.236603;0.058262;4399;16.695931;34.500000
CSV_PEATONAL;E0;20260931;18491;0;18290;18491;16.782754;38.400000;0.177275;34.373500;285;120.080786;0.261647;0.059779;4384;25.514576;49.200000
CSV_PEATONAL;E1;20260931;18491;0;18285;18491;11.519393;25.500000;0.070304;23.544700;217;123.380786;0.237776;0.058592;4384;16.502190;34.800000
CSV_PEATONAL;E0;20260932;18358;0;18147;18358;16.707130;38.400000;0.175074;33.940033;272;117.380786;0.259576;0.058747;4353;24.718332;47.100000
CSV_PEATONAL;E1;20260932;18358;0;18150;18358;11.709609;26.100000;0.074627;23.777767;211;99.080786;0.236058;0.058280;4353;17.048863;34.800000
CSV_PEATONAL;E0;20260933;18329;0;18121;18329;16.623411;37.200000;0.161602;33.705233;272;123.380786;0.259444;0.060632;4370;24.882357;46.500000
CSV_PEATONAL_INCOMPLETO;E1;20260933;17941;0;0;17897;11.502113;25.500000;0.068900;23.425224;205;NaN;0.232431;0.057743;4370;16.068398;33.300000;inyectados=17941;t=8808.300000002011
